geo,time_period,life_expectancy_total,life_expectancy_female,life_expectancy_male,gdp,country,pm2_5,pm10,loc_code,dpt,measles,tetanus,current_health_expenditure,current_health_expenditure_per_capita,co2_metric_tons_per_capita,sf6_metric_tons,nitrous_oxide_metric_tons,hfc_metric_tons,alcohol,tobacco,working_hours,bmi_over30,polio,bcg,hepb
AL,2010,0.0,0.0,0.0,29.0,Albania,0.0,0.0,ALB,99,99,87,4.7457962,192.0032196,1.52762366260495,0,1110,105,4.88 ,28.0,0.0,17.4 ,99.0,99.0,99.0
AL,2011,0.0,0.0,0.0,30.0,Albania,0.0,0.0,ALB,99,99,87,4.79534149,211.07551575,1.66942319005525,0,1150,0,5.03 ,0.0,0.0,18.1 ,99.0,97.0,99.0
AL,2012,0.0,0.0,0.0,30.0,Albania,0.0,0.0,ALB,99,98,87,5.05526543,213.71974182,1.50324046003101,0,1150,0,4.43 ,0.0,0.0,18.8 ,99.0,96.0,99.0
AL,2013,77.9,80.1,76.0,29.0,Albania,0.0,0.0,ALB,99,99,87,5.38561106,236.95796204,1.53363003912154,0,1120,0,4.28 ,0.0,0.0,19.5 ,99.0,99.0,99.0
AL,2014,78.2,80.1,76.4,30.0,Albania,0.0,0.0,ALB,98,98,92,5.50347328,251.35826111,1.66833737091547,0,1140,0,4.1 ,0.0,0.0,20.2 ,98.0,99.0,98.0
AL,2015,77.9,79.7,76.3,30.0,Albania,0.0,0.0,ALB,99,97,92,4.89631176,192.88513184,1.60377514987108,0,1190,0,4.33 ,25.1,0.0,20.9 ,99.0,99.0,99.0
AL,2016,78.5,80.1,77.1,30.0,Albania,0.0,0.0,ALB,98,96,92,4.91601658,202.01332092,1.55766435847472,0,1220,0,4.38 ,0.0,0.0,21.6 ,98.0,99.0,98.0
AL,2017,78.5,80.1,77.1,30.0,Albania,0.0,0.0,ALB,99,96,95,5.01263571,226.28067017,1.78878607422544,0,1190,0,4.39 ,0.0,0.0,0,99.0,99.0,99.0
AL,2018,78.9,80.5,77.4,30.0,Albania,0.0,0.0,ALB,99,94,95,5.23207188,274.91409302,1.78273894754715,0,1080,0,4.44 ,23.0,0.0,0,99.0,99.0,99.0
AL,2019,79.1,80.7,77.6,30.0,Albania,0.0,0.0,ALB,99,95,96,0,0,1.69224831964856,0,1100,0,4.4 ,23.0,0.0,0,99.0,99.0,99.0
AL,2020,77.4,79.6,75.2,31.0,Albania,0.0,0.0,ALB,98,91,96,0,0,0,0,0,0,0,0.0,0.0,0,98.0,98.0,98.0
AL,2021,0.0,0.0,0.0,32.0,Albania,0.0,0.0,ALB,0,0,0,0,0,0,0,0,0,0,0.0,0.0,0,0.0,0.0,0.0
AT,2010,80.7,83.5,77.8,128.0,Austria,19.9,26.9,AUT,86,80,0,10.22101879,4800.79345703,8.36501490116616,183,3780,2835,12.1 ,34.5,1468.0,16.4 ,86.0,0.0,86.0
AT,2011,81.1,83.8,78.3,129.0,Austria,19.0,27.1,AUT,89,84,0,10.02613258,5167.81787109,8.13547438124649,0,3780,0,11.9 ,0.0,1468.0,16.7 ,89.0,0.0,89.0
AT,2012,81.1,83.6,78.4,133.0,Austria,16.2,22.5,AUT,92,88,0,10.19915581,4966.09570313,7.72361448670012,0,3830,0,12.1 ,0.0,1453.0,17 ,92.0,0.0,92.0
AT,2013,81.3,83.8,78.6,133.0,Austria,17.3,24.6,AUT,95,92,0,10.28574944,5235.34130859,7.75369957604068,0,3850,0,12.1 ,0.0,1443.0,17.3 ,95.0,0.0,95.0
AT,2014,81.6,84.0,79.1,132.0,Austria,14.9,21.5,AUT,98,96,0,10.36809254,5393.60205078,7.26040422807808,0,3930,0,12.4 ,0.0,1438.0,17.7 ,98.0,0.0,98.0
AT,2015,81.3,83.7,78.8,131.0,Austria,14.5,20.8,AUT,93,96,0,10.36746693,4612.82421875,7.31715887345687,0,3950,0,11.6 ,29.3,1420.0,18 ,93.0,0.0,93.0
AT,2016,81.8,84.1,79.3,130.0,Austria,13.1,18.3,AUT,87,95,0,10.3522625,4709.87597656,7.28881998322196,0,3960,0,11.7 ,0.0,1431.0,18.3 ,87.0,0.0,87.0
AT,2017,81.7,84.0,79.4,127.0,Austria,14.1,19.1,AUT,90,96,0,10.38460541,4938.91992188,7.4861615826868,0,3890,0,11.6 ,0.0,1421.0,0,90.0,0.0,90.0
AT,2018,81.8,84.1,79.4,127.0,Austria,15.5,21.8,AUT,85,94,0,10.31750679,5322.26269531,7.13306391934265,0,3830,0,11.6 ,26.6,1421.0,0,85.0,0.0,85.0
AT,2019,82.0,84.2,79.7,126.0,Austria,12.0,17.4,AUT,85,95,0,10.43403149,5242.18310547,7.2939842524557,0,3850,0,11.9 ,25.6,1430.26217450533,0,85.0,0.0,85.0
AT,2020,81.3,83.6,78.9,125.0,Austria,0.0,0.0,AUT,85,95,0,0,0,0,0,0,0,0,0.0,1322.36989361291,0,85.0,0.0,85.0
AT,2021,81.3,83.8,78.8,123.0,Austria,0.0,0.0,AUT,0,0,0,0,0,0,0,0,0,0,0.0,0.0,0,0.0,0.0,0.0
BE,2010,80.3,83.0,77.5,121.0,Belgium,17.7,27.0,BEL,98,95,0,10.23324585,4544.77978516,9.79479224161996,93,6190,2657,10.27 ,24.1,1432.0,19.7 ,98.0,0.0,97.0
BE,2011,80.7,83.3,78.0,119.0,Belgium,17.7,26.7,BEL,98,95,0,10.39208412,4943.796875,8.74050515161928,0,4940,0,10.14 ,0.0,1443.0,19.9 ,98.0,0.0,97.0
BE,2012,80.5,83.1,77.8,121.0,Belgium,16.1,24.8,BEL,99,96,0,10.50650597,4706.47021484,8.5775258769088,0,4950,0,10.09 ,0.0,1440.0,20.1 ,99.0,0.0,98.0
BE,2013,80.7,83.2,78.1,121.0,Belgium,16.7,25.0,BEL,99,96,0,10.56133938,4947.76953125,8.65547751219134,0,4840,0,10.33 ,0.0,1436.0,20.3 ,99.0,0.0,98.0
BE,2014,81.4,83.9,78.8,121.0,Belgium,14.4,22.4,BEL,99,96,0,10.59411144,5072.95068359,8.04171121528318,0,4820,0,10.57 ,0.0,1434.0,20.5 ,99.0,0.0,98.0
BE,2015,81.1,83.4,78.7,121.0,Belgium,13.5,21.4,BEL,99,96,0,10.43065357,4291.48974609,8.43785199879601,0,4780,0,10.36 ,22.5,1431.0,20.7 ,99.0,0.0,98.0
BE,2016,81.5,84.0,79.0,120.0,Belgium,13.3,20.9,BEL,98,96,0,10.77319717,4534.22998047,8.31493180826759,0,4620,0,9.42 ,0.0,1435.0,21 ,98.0,0.0,97.0
BE,2017,81.6,83.9,79.2,118.0,Belgium,12.8,20.4,BEL,98,96,0,10.78312588,4775.8125,8.15109567890864,0,4570,0,9.3 ,0.0,1441.0,0,98.0,0.0,97.0
BE,2018,81.7,83.9,79.4,118.0,Belgium,12.8,21.5,BEL,98,96,0,10.76469994,5134.41455078,8.19633858929077,0,4590,0,9.22 ,21.6,1445.0,0,98.0,0.0,97.0
BE,2019,82.1,84.3,79.8,118.0,Belgium,11.1,18.9,BEL,97,96,0,10.65604973,4960.39355469,8.09558395403513,0,4580,0,9.15 ,21.4,1443.0,0,98.0,0.0,97.0
BE,2020,80.8,83.0,78.5,119.0,Belgium,0.0,0.0,BEL,97,96,0,0,0,0,0,0,0,0,0.0,1353.0,0,98.0,0.0,97.0
BE,2021,81.9,84.4,79.5,120.0,Belgium,0.0,0.0,BEL,0,0,0,0,0,0,0,0,0,0,0.0,0.0,0,0.0,0.0,0.0
BG,2010,73.8,77.4,70.3,45.0,Bulgaria,31.1,48.4,BGR,94,97,0,7.13800573,484.75228882,6.04954401644367,0,3720,648,9.82 ,36.5,0.0,22.1 ,94.0,98.0,95.0
BG,2011,74.2,77.8,70.7,46.0,Bulgaria,41.3,57.3,BGR,95,95,0,7.13881254,555.86419678,6.75527812444523,0,4360,0,9.88 ,0.0,0.0,22.7 ,95.0,98.0,96.0
BG,2012,74.4,77.9,70.9,47.0,Bulgaria,29.3,45.9,BGR,95,94,0,7.57609081,558.64794922,6.16215310962387,0,3450,0,10.88 ,0.0,0.0,23.1 ,95.0,97.0,95.0
BG,2013,74.9,78.6,71.3,46.0,Bulgaria,26.3,43.4,BGR,95,95,0,7.16768599,547.45483398,5.45896380820016,0,3780,0,10.32 ,0.0,0.0,23.4 ,95.0,97.0,95.0
BG,2014,74.5,78.0,71.1,47.0,Bulgaria,26.1,41.2,BGR,88,93,0,7.70713234,605.25891113,5.82092471406323,0,3850,0,10.3 ,0.0,0.0,23.7 ,88.0,97.0,95.0
BG,2015,74.7,78.2,71.2,48.0,Bulgaria,25.0,36.2,BGR,91,92,0,7.41093588,521.41906738,6.20786531681232,0,4030,0,10.89 ,36.7,0.0,24 ,91.0,96.0,92.0
BG,2016,74.9,78.5,71.3,49.0,Bulgaria,20.2,36.8,BGR,92,92,0,7.47690725,562.34082031,5.83488198114205,0,4050,0,11.13 ,0.0,0.0,24.3 ,92.0,96.0,91.0
BG,2017,74.8,78.4,71.4,50.0,Bulgaria,23.8,36.8,BGR,92,94,0,7.5206337,624.52502441,6.2012902397538,0,4120,0,10.93 ,0.0,0.0,0,92.0,96.0,92.0
BG,2018,75.0,78.6,71.5,52.0,Bulgaria,20.1,33.8,BGR,92,93,0,7.3434248,689.90539551,5.82203361005485,0,4130,0,11.53 ,37.0,0.0,0,92.0,96.0,85.0
BG,2019,75.1,78.8,71.6,53.0,Bulgaria,19.6,30.4,BGR,93,95,0,7.12611389,697.8963623,5.61085727989368,0,4160,0,11.18 ,37.1,0.0,0,93.0,96.0,93.0
BG,2020,73.6,77.5,70.0,55.0,Bulgaria,0.0,0.0,BGR,91,88,0,0,0,0,0,0,0,0,0.0,0.0,0,91.0,97.0,91.0
BG,2021,71.4,75.1,68.1,57.0,Bulgaria,0.0,0.0,BGR,0,0,0,0,0,0,0,0,0,0,0.0,0.0,0,0.0,0.0,0.0
CH,2010,82.7,84.9,80.3,165.0,Switzerland,0.0,20.3,CHE,95,92,0,9.94159698,7705.17578125,5.7777028569243,378,2560,2277,10.01 ,23.3,1611.23500886904,15.3 ,96.0,0.0,0.0
CH,2011,82.8,85.0,80.5,167.0,Switzerland,0.0,21.3,CHE,96,93,0,10.0191288,9191.95898438,5.2057541375837,0,2510,0,9.99 ,0.0,1608.30928393012,15.5 ,96.0,0.0,0.0
CH,2012,82.8,84.9,80.6,170.0,Switzerland,0.0,18.4,CHE,96,93,0,10.24875641,8917.11914063,5.31708634897664,0,2460,0,9.87 ,0.0,1592.56354785703,15.8 ,96.0,0.0,0.0
CH,2013,82.9,85.0,80.7,171.0,Switzerland,0.0,18.9,CHE,96,93,0,10.46214485,9275.79882813,5.38115179883478,0,2480,0,9.74 ,0.0,1572.68872051852,16.1 ,96.0,0.0,0.0
CH,2014,83.3,85.4,81.1,171.0,Switzerland,0.0,0.0,CHE,96,94,0,10.61642265,9578.64550781,4.8591655248048,0,2450,0,9.62 ,0.0,1564.47038560536,16.3 ,96.0,0.0,0.0
CH,2015,83.0,85.1,80.8,171.0,Switzerland,11.3,17.4,CHE,96,94,0,11.00794983,9382.79101563,4.7196487770674,0,2440,0,9.62 ,23.1,1576.61996224313,16.6 ,96.0,0.0,0.0
CH,2016,83.7,85.6,81.7,166.0,Switzerland,10.1,15.0,CHE,96,94,0,11.30005455,9439.42480469,4.73765637657829,0,2450,0,9.28 ,0.0,1577.04416248937,16.9 ,96.0,0.0,0.0
CH,2017,83.7,85.6,81.6,160.0,Switzerland,10.0,15.3,CHE,96,95,0,11.48099899,9606.34960938,4.57888468817908,0,2440,0,9.16 ,0.0,1559.09025293729,0,96.0,0.0,69.0
CH,2018,83.8,85.7,81.9,158.0,Switzerland,11.1,15.4,CHE,96,95,0,11.37997055,9870.6640625,4.4019909898051,0,2410,0,9.17 ,23.0,1551.41571943214,0,96.0,0.0,69.0
CH,2019,84.0,85.8,82.1,153.0,Switzerland,9.2,13.6,CHE,96,95,0,11.29148102,9666.33789063,4.35904146198319,0,2420,0,9.41 ,23.0,1549.43467859147,0,96.0,0.0,69.0
CH,2020,83.1,85.1,81.0,154.0,Switzerland,0.0,0.0,CHE,96,97,0,0,0,0,0,0,0,0,0.0,1498.49979109325,0,96.0,0.0,72.0
CH,2021,84.0,85.9,81.9,155.0,Switzerland,0.0,0.0,CHE,0,0,0,0,0,0,0,0,0,0,0.0,0.0,0,0.0,0.0,0.0
CY,2010,81.5,83.9,79.2,102.0,Cyprus,22.2,48.0,CYP,0,0,0,0,0,0,0,0,0,0,0.0,0.0,0,0.0,0.0,0.0
CY,2011,81.2,83.1,79.3,97.0,Cyprus,23.2,35.7,CYP,0,0,0,0,0,0,0,0,0,0,0.0,0.0,0,0.0,0.0,0.0
CY,2012,81.1,83.4,78.9,91.0,Cyprus,24.3,36.4,CYP,0,0,0,0,0,0,0,0,0,0,0.0,0.0,0,0.0,0.0,0.0
CY,2013,82.5,85.0,80.1,84.0,Cyprus,17.0,37.3,CYP,0,0,0,0,0,0,0,0,0,0,0.0,0.0,0,0.0,0.0,0.0
CY,2014,82.3,84.3,80.3,81.0,Cyprus,17.2,32.4,CYP,0,0,0,0,0,0,0,0,0,0,0.0,0.0,0,0.0,0.0,0.0
CY,2015,81.8,83.7,79.9,83.0,Cyprus,17.2,34.9,CYP,0,0,0,0,0,0,0,0,0,0,0.0,0.0,0,0.0,0.0,0.0
CY,2016,82.7,84.9,80.5,88.0,Cyprus,14.7,27.2,CYP,0,0,0,0,0,0,0,0,0,0,0.0,0.0,0,0.0,0.0,0.0
CY,2017,82.2,84.2,80.2,90.0,Cyprus,14.7,29.2,CYP,0,0,0,0,0,0,0,0,0,0,0.0,0.0,0,0.0,0.0,0.0
CY,2018,82.9,84.8,80.9,91.0,Cyprus,13.2,29.9,CYP,0,0,0,0,0,0,0,0,0,0,0.0,0.0,0,0.0,0.0,0.0
CY,2019,82.3,84.4,80.3,93.0,Cyprus,13.4,26.0,CYP,0,0,0,0,0,0,0,0,0,0,0.0,0.0,0,0.0,0.0,0.0
CY,2020,82.4,84.4,80.4,90.0,Cyprus,0.0,0.0,CYP,0,0,0,0,0,0,0,0,0,0,0.0,0.0,0,0.0,0.0,0.0
CY,2021,81.8,83.9,79.8,91.0,Cyprus,0.0,0.0,CYP,0,0,0,0,0,0,0,0,0,0,0.0,0.0,0,0.0,0.0,0.0
CZ,2010,77.7,80.9,74.5,84.0,Czechia,22.8,29.9,CZE,99,98,0,6.87530422,1373.9317627,10.7165940611452,5,4550,3613,12.68 ,27.3,0.0,23.6 ,99.0,0.0,99.0
CZ,2011,78.0,81.1,74.8,84.0,Czechia,21.0,29.2,CZE,99,98,0,6.92782688,1516.55541992,10.4010178048188,0,4710,0,12.56 ,0.0,0.0,24 ,99.0,0.0,99.0
CZ,2012,78.1,81.2,75.1,84.0,Czechia,19.2,27.2,CZE,99,98,0,6.97858715,1387.40600586,10.091539280351,0,5140,0,12.83 ,0.0,0.0,24.5 ,99.0,0.0,99.0
CZ,2013,78.3,81.3,75.2,86.0,Czechia,20.2,27.6,CZE,98,99,0,7.7224946,1554.5090332,9.62025725850339,0,4980,0,12.54 ,0.0,0.0,24.7 ,99.0,0.0,99.0
CZ,2014,78.9,82.0,75.8,88.0,Czechia,19.1,27.8,CZE,97,99,0,7.59677219,1512.92614746,9.26430284305406,0,5100,0,12.75 ,0.0,0.0,25 ,99.0,0.0,99.0
CZ,2015,78.7,81.6,75.7,89.0,Czechia,17.4,24.3,CZE,97,99,0,7.19641542,1284.04675293,9.4006680021085,0,5550,0,12.76 ,26.9,0.0,25.2 ,97.0,0.0,97.0
CZ,2016,79.1,82.1,76.1,89.0,Czechia,18.1,22.6,CZE,96,98,0,7.10655022,1321.62023926,9.62775004201401,0,5580,0,12.92 ,0.0,0.0,25.4 ,96.0,0.0,96.0
CZ,2017,79.1,82.0,76.1,91.0,Czechia,18.4,23.9,CZE,96,97,0,7.14152622,1475.9152832,9.61164734090237,0,5280,0,12.73 ,0.0,0.0,0,94.0,0.0,94.0
CZ,2018,79.1,82.0,76.2,92.0,Czechia,19.5,25.8,CZE,97,96,0,7.52479792,1765.58862305,9.49206819894537,0,5140,0,12.73 ,26.7,0.0,0,96.0,0.0,96.0
CZ,2019,79.3,82.2,76.4,93.0,Czechia,14.4,20.3,CZE,97,92,0,7.83470726,1844.21777344,9.02278615795801,0,5320,0,12.73 ,26.5,0.0,0,97.0,0.0,97.0
CZ,2020,78.3,81.3,75.3,93.0,Czechia,0.0,0.0,CZE,97,94,0,0,0,0,0,0,0,0,0.0,0.0,0,96.0,0.0,96.0
CZ,2021,77.4,80.6,74.3,92.0,Czechia,0.0,0.0,CZE,0,0,0,0,0,0,0,0,0,0,0.0,0.0,0,0.0,0.0,0.0
DE,2010,80.5,83.0,78.0,121.0,Germany,17.4,22.9,DEU,0,0,0,0,0,0,0,0,0,0,0.0,0.0,0,0.0,0.0,0.0
DE,2011,80.6,83.1,77.9,124.0,Germany,17.1,22.8,DEU,0,0,0,0,0,0,0,0,0,0,0.0,0.0,0,0.0,0.0,0.0
DE,2012,80.7,83.1,78.1,124.0,Germany,14.3,19.8,DEU,0,0,0,0,0,0,0,0,0,0,0.0,0.0,0,0.0,0.0,0.0
DE,2013,80.6,83.0,78.1,125.0,Germany,14.6,20.4,DEU,0,0,0,0,0,0,0,0,0,0,0.0,0.0,0,0.0,0.0,0.0
DE,2014,81.2,83.6,78.7,127.0,Germany,15.1,20.3,DEU,0,0,0,0,0,0,0,0,0,0,0.0,0.0,0,0.0,0.0,0.0
DE,2015,80.7,83.1,78.3,124.0,Germany,13.4,18.9,DEU,0,0,0,0,0,0,0,0,0,0,0.0,0.0,0,0.0,0.0,0.0
DE,2016,81.0,83.5,78.6,125.0,Germany,12.9,17.8,DEU,0,0,0,0,0,0,0,0,0,0,0.0,0.0,0,0.0,0.0,0.0
DE,2017,81.1,83.4,78.7,124.0,Germany,12.8,17.6,DEU,0,0,0,0,0,0,0,0,0,0,0.0,0.0,0,0.0,0.0,0.0
DE,2018,81.0,83.3,78.6,124.0,Germany,13.1,18.8,DEU,0,0,0,0,0,0,0,0,0,0,0.0,0.0,0,0.0,0.0,0.0
DE,2019,81.3,83.7,79.0,121.0,Germany,10.9,16.1,DEU,0,0,0,0,0,0,0,0,0,0,0.0,0.0,0,0.0,0.0,0.0
DE,2020,81.1,83.5,78.7,123.0,Germany,0.0,0.0,DEU,0,0,0,0,0,0,0,0,0,0,0.0,0.0,0,0.0,0.0,0.0
DE,2021,80.9,0.0,0.0,120.0,Germany,0.0,0.0,DEU,0,0,0,0,0,0,0,0,0,0,0.0,0.0,0,0.0,0.0,0.0
DK,2010,79.3,81.4,77.2,131.0,Denmark,11.0,12.1,DNK,90,85,0,10.33315945,6011.53808594,8.67389123204855,36,4980,1693,10.27 ,24.2,1398.97933553883,15.5 ,90.0,0.0,0.0
DK,2011,79.9,81.9,77.8,129.0,Denmark,16.3,0.0,DNK,91,87,0,10.15291023,6281.00439453,7.73708668950354,0,4970,0,10.45 ,0.0,1412.80068596507,15.7 ,91.0,0.0,0.0
DK,2012,80.2,82.1,78.1,128.0,Denmark,11.1,17.4,DNK,94,90,0,10.24135303,6003.83056641,6.83528732540744,0,5000,0,9.23 ,0.0,1400.97237774206,16 ,94.0,0.0,0.0
DK,2013,80.4,82.4,78.3,130.0,Denmark,10.3,0.0,DNK,94,89,0,10.16958141,6236.55419922,7.11673784909108,0,4910,0,9.44 ,0.0,1402.70600024123,16.2 ,94.0,0.0,0.0
DK,2014,80.7,82.8,78.7,129.0,Denmark,12.4,18.7,DNK,94,90,0,10.17190456,6380.78466797,6.34715307409428,0,5090,0,9.55 ,0.0,1391.12569915217,16.5 ,94.0,0.0,0.0
DK,2015,80.8,82.7,78.8,128.0,Denmark,11.3,18.3,DNK,93,91,0,10.22716618,5469.33496094,5.92946275425465,0,5260,0,9.42 ,20.3,1379.93548011519,16.7 ,93.0,0.0,0.0
DK,2016,80.9,82.8,79.0,128.0,Denmark,10.0,15.1,DNK,94,94,0,10.14456177,5565.59326172,6.16619029904351,0,5240,0,9.51 ,0.0,1389.80435733225,17 ,94.0,0.0,0.0
DK,2017,81.1,83.1,79.2,130.0,Denmark,9.2,15.5,DNK,98,97,0,10.03963375,5800.15283203,5.74676773694188,0,5250,0,9.3 ,0.0,1383.85454646369,0,98.0,0.0,0.0
DK,2018,81.0,82.9,79.1,129.0,Denmark,12.0,18.3,DNK,97,95,0,10.0707159,6216.76855469,5.71834355284233,0,4880,0,9.32 ,18.1,1362.70325429809,0,97.0,0.0,0.0
DK,2019,81.5,83.5,79.5,126.0,Denmark,10.0,16.5,DNK,97,96,0,9.95583057,6003.32519531,5.10798850907958,0,5170,0,9.16 ,17.8,1359.80330331394,0,97.0,0.0,0.0
DK,2020,81.6,83.6,79.7,133.0,Denmark,0.0,0.0,DNK,97,94,0,0,0,0,0,0,0,0,0.0,1327.69437014534,0,97.0,0.0,0.0
DK,2021,81.4,83.3,79.6,133.0,Denmark,0.0,0.0,DNK,0,0,0,0,0,0,0,0,0,0,0.0,0.0,0,0.0,0.0,0.0
EE,2010,76.0,80.8,70.9,66.0,Estonia,7.6,15.0,EST,94,95,0,6.27124023,926.4541626,14.2698886573161,2,1310,58,14.97 ,26.4,1765.0,17.9 ,94.0,97.0,94.0
EE,2011,76.6,81.3,71.4,71.0,Estonia,6.9,12.6,EST,93,94,0,5.7667613,1015.96826172,13.6880113333222,0,1320,0,16.27 ,0.0,1806.0,18.3 ,93.0,99.0,94.0
EE,2012,76.7,81.5,71.4,74.0,Estonia,7.8,12.9,EST,94,94,0,5.79034519,1013.31420898,12.7693736048558,0,1350,0,16.96 ,0.0,1775.0,18.7 ,94.0,97.0,94.0
EE,2013,77.5,81.7,72.8,76.0,Estonia,8.1,14.0,EST,94,94,0,5.97791481,1144.64685059,14.6586067303827,0,1370,0,17.75 ,0.0,1761.0,19.1 ,94.0,96.0,93.0
EE,2014,77.4,81.9,72.4,78.0,Estonia,8.6,15.4,EST,93,93,0,6.08077621,1238.92700195,13.6473080298184,0,1400,0,17.29 ,0.0,1757.0,19.5 ,93.0,95.0,93.0
EE,2015,78.0,82.2,73.2,76.0,Estonia,6.7,13.4,EST,93,93,0,6.34629202,1112.9140625,11.8138340162801,0,1420,0,16.72 ,24.7,1756.0,19.9 ,93.0,95.0,91.0
EE,2016,78.0,82.2,73.3,77.0,Estonia,5.4,12.3,EST,93,93,0,6.42956781,1186.1027832,12.1523949650918,0,1360,0,15.61 ,0.0,1747.34174469383,20.3 ,93.0,95.0,93.0
EE,2017,78.4,82.6,73.8,79.0,Estonia,5.3,10.7,EST,93,93,0,6.59183788,1350.38061523,12.68422804928,0,1400,0,13.08 ,0.0,1756.50539146946,0,93.0,94.0,92.0
EE,2018,78.5,82.7,74.0,82.0,Estonia,6.3,13.3,EST,92,87,0,6.68642807,1552.63244629,11.5887036573437,0,1390,0,10.81 ,23.7,1688.10807335661,0,92.0,92.0,93.0
EE,2019,79.0,83.0,74.5,82.0,Estonia,4.8,10.8,EST,91,88,0,6.7304492,1598.81884766,7.67202927819305,0,1400,0,11.65 ,23.5,1675.58538555173,0,91.0,92.0,91.0
EE,2020,78.9,83.0,74.4,86.0,Estonia,0.0,0.0,EST,91,91,0,0,0,0,0,0,0,0,0.0,1623.39465431459,0,91.0,91.0,90.0
EE,2021,76.9,81.3,72.4,89.0,Estonia,0.0,0.0,EST,0,0,0,0,0,0,0,0,0,0,0.0,0.0,0,0.0,0.0,0.0
EL,2010,80.6,83.3,78.0,85.0,Greece,0.0,33.4,GRC,99,99,0,9.59662342,2564.36938477,7.87494977728448,99,5350,1204,8.33 ,36.7,1711.86163174536,20.9 ,99.0,0.0,95.0
EL,2011,80.8,83.6,78.0,75.0,Greece,17.0,26.4,GRC,99,99,0,9.19330311,2338.91503906,7.61375705008733,0,5900,0,7.48 ,0.0,1726.19239762868,21.4 ,99.0,0.0,95.0
EL,2012,80.7,83.4,78.0,71.0,Greece,18.4,30.0,GRC,99,99,0,8.92377281,1948.24853516,7.25123735394112,0,5100,0,7.62 ,0.0,1737.00433448151,22 ,99.0,0.0,98.0
EL,2013,81.4,84.0,78.7,72.0,Greece,10.0,34.4,GRC,99,99,0,8.36682224,1813.87792969,6.60999622870309,0,4800,0,7.55 ,0.0,1735.88807014703,22.5 ,99.0,0.0,98.0
EL,2014,81.5,84.1,78.8,72.0,Greece,0.0,25.8,GRC,99,97,0,7.90779018,1705.11450195,6.38517866075752,0,4670,0,7.06 ,0.0,1707.26885576668,23 ,99.0,0.0,96.0
EL,2015,81.1,83.7,78.5,70.0,Greece,16.4,26.5,GRC,99,97,0,8.06892395,1452.05200195,6.28506953972522,0,4490,0,6.68 ,33.5,1706.06073998713,23.6 ,99.0,0.0,96.0
EL,2016,81.5,84.0,78.9,68.0,Greece,14.7,29.0,GRC,99,97,0,8.32109451,1488.19812012,6.20361714727342,0,4470,0,6.68 ,0.0,1726.70086592117,24.2 ,99.0,0.0,96.0
EL,2017,81.4,83.9,78.8,67.0,Greece,13.5,25.3,GRC,99,97,0,8.10309219,1505.94592285,6.21125028945613,0,4530,0,6.67 ,0.0,1714.91964545261,0,99.0,0.0,96.0
EL,2018,81.9,84.4,79.3,66.0,Greece,13.4,27.1,GRC,99,97,0,7.95876884,1572.6842041,6.05801840018985,0,4330,0,6.45 ,31.9,1734.15069827828,0,99.0,0.0,96.0
EL,2019,81.7,84.2,79.2,66.0,Greece,14.1,27.5,GRC,99,97,0,7.83788586,1500.5949707,5.59618906985928,0,4270,0,6.33 ,31.2,1707.39782053852,0,99.0,0.0,96.0
EL,2020,81.4,83.9,78.8,62.0,Greece,0.0,0.0,GRC,99,97,0,0,0,0,0,0,0,0,0.0,1540.29065063591,0,99.0,0.0,96.0
EL,2021,80.3,83.0,77.5,64.0,Greece,0.0,0.0,GRC,0,0,0,0,0,0,0,0,0,0,0.0,0.0,0,0.0,0.0,0.0
ES,2010,82.4,85.5,79.2,96.0,Spain,12.4,23.9,ESP,97,95,0,9.1185751,2789.53393555,5.86664242575026,944,20700,9968,8.94 ,27.9,1644.0,21.4 ,97.0,0.0,97.0
ES,2011,82.6,85.6,79.5,93.0,Spain,12.9,23.2,ESP,97,97,0,9.16859245,2909.11767578,5.87043562968744,0,19650,0,8.74 ,0.0,1645.0,21.7 ,97.0,0.0,97.0
ES,2012,82.5,85.5,79.5,91.0,Spain,13.7,24.8,ESP,96,97,0,9.15699196,2591.01611328,5.75694679369718,0,19000,0,8.6 ,0.0,1626.0,21.9 ,96.0,0.0,96.0
ES,2013,83.2,86.1,80.2,90.0,Spain,10.7,19.9,ESP,96,95,0,9.06737709,2629.60546875,5.20827462861938,0,19560,0,8.55 ,0.0,1612.0,22.1 ,96.0,0.0,95.0
ES,2014,83.3,86.2,80.4,90.0,Spain,11.3,21.0,ESP,97,96,0,9.08936405,2679.62939453,5.18406700444856,0,20360,0,7.85 ,0.0,1609.0,22.3 ,97.0,0.0,96.0
ES,2015,83.0,85.7,80.1,91.0,Spain,13.0,23.5,ESP,97,96,0,9.12617207,2349.05444336,5.51794435986542,0,20490,0,10.35 ,27.3,1614.0,22.5 ,97.0,0.0,97.0
ES,2016,83.5,86.3,80.5,92.0,Spain,11.3,20.7,ESP,97,97,0,8.9523859,2376.72119141,5.31429458078119,0,20280,0,10.81 ,0.0,1620.0,22.8 ,97.0,0.0,97.0
ES,2017,83.4,86.1,80.6,93.0,Spain,12.1,22.0,ESP,95,98,0,8.9569416,2526.72045898,5.65425445459575,0,20690,0,10.85 ,0.0,1614.0,0,95.0,0.0,94.0
ES,2018,83.5,86.3,80.7,91.0,Spain,11.7,19.8,ESP,96,98,0,8.99036121,2740.26928711,5.49257147137707,0,20420,0,10.39 ,27.0,1618.0,0,96.0,0.0,96.0
ES,2019,84.0,86.7,81.1,91.0,Spain,11.8,19.4,ESP,95,98,0,9.13213158,2711.19287109,5.09135092007508,0,20060,0,10.73 ,26.9,1603.0,0,95.0,0.0,95.0
ES,2020,82.4,85.2,79.6,83.0,Spain,0.0,0.0,ESP,94,96,0,0,0,0,0,0,0,0,0.0,1516.0,0,94.0,0.0,94.0
ES,2021,83.3,86.2,80.3,83.0,Spain,0.0,0.0,ESP,0,0,0,0,0,0,0,0,0,0,0.0,0.0,0,0.0,0.0,0.0
FI,2010,80.2,83.5,76.9,118.0,Finland,8.4,13.4,FIN,99,98,0,9.14202785,4249.60205078,11.6587534771719,76,5190,1203,9.72 ,20.1,1521.0,18.9 ,99.0,0.0,0.0
FI,2011,80.6,83.8,77.3,119.0,Finland,7.5,12.5,FIN,99,97,0,9.22303009,4715.93505859,10.2296244383886,0,4750,0,9.81 ,0.0,1521.0,19.2 ,99.0,0.0,0.0
FI,2012,80.7,83.7,77.7,117.0,Finland,7.0,11.1,FIN,99,97,0,9.5857954,4572.5234375,9.12638797795779,0,4780,0,9.27 ,0.0,1513.0,19.5 ,99.0,0.0,0.0
FI,2013,81.1,84.1,78.0,115.0,Finland,6.7,11.4,FIN,98,97,0,9.80534649,4892.09716797,9.2278464803108,0,4880,0,9.08 ,0.0,1509.0,19.7 ,98.0,0.0,0.0
FI,2014,81.3,84.1,78.4,113.0,Finland,8.4,13.7,FIN,98,96,0,9.78115082,4922.67578125,8.45187190789146,0,4980,0,8.76 ,0.0,1506.0,20 ,98.0,0.0,0.0
FI,2015,81.6,84.4,78.7,111.0,Finland,6.0,11.3,FIN,97,95,0,9.64523888,4127.14990234,7.81453735635845,0,4960,0,8.52 ,18.0,1505.0,20.3 ,97.0,0.0,0.0
FI,2016,81.5,84.4,78.6,111.0,Finland,5.7,12.2,FIN,92,94,0,9.37796021,4107.06298828,8.31619307669468,0,4880,0,8.44 ,0.0,1505.15608599404,20.6 ,92.0,0.0,0.0
FI,2017,81.7,84.5,78.9,111.0,Finland,4.9,10.0,FIN,89,94,0,9.12670135,4233.46826172,7.81015415482472,0,4910,0,8.37 ,0.0,1502.22127202304,0,89.0,0.0,0.0
FI,2018,81.8,84.5,79.1,111.0,Finland,6.4,11.5,FIN,91,96,0,9.03608513,4515.67724609,8.08263979060102,0,4940,0,8.37 ,17.0,1499.39759706372,0,91.0,0.0,0.0
FI,2019,82.1,84.8,79.3,109.0,Finland,5.1,10.2,FIN,91,96,0,9.15348339,4450.30273438,7.37285476082008,0,5010,0,8.23 ,16.6,1494.28717968551,0,91.0,0.0,0.0
FI,2020,82.0,84.8,79.2,114.0,Finland,0.0,0.0,FIN,90,95,0,0,0,0,0,0,0,0,0.0,1487.43527321507,0,90.0,0.0,0.0
FI,2021,82.0,84.7,79.3,112.0,Finland,0.0,0.0,FIN,0,0,0,0,0,0,0,0,0,0,0.0,0.0,0,0.0,0.0,0.0
FR,2010,81.8,85.3,78.2,109.0,France,18.3,25.0,FRA,99,89,0,11.22560215,4592.38330078,5.34794592819296,1431,38680,18867,12.3 ,30.9,1438.6353066842,19.2 ,99.0,0.0,64.0
FR,2011,82.3,85.7,78.7,109.0,France,17.8,25.4,FRA,99,89,0,11.18497658,4931.87792969,5.12875996093606,0,36730,0,12.35 ,0.0,1445.2938842299,19.6 ,99.0,0.0,74.0
FR,2012,82.1,85.4,78.7,108.0,France,16.0,23.9,FRA,99,91,0,11.29740047,4644.59570313,5.15395169929832,0,37300,0,12.22 ,0.0,1439.77200589005,20 ,99.0,0.0,78.0
FR,2013,82.4,85.6,79.0,110.0,France,15.8,23.2,FRA,99,90,0,11.41635036,4893.47607422,5.12951903165955,0,38280,0,11.73 ,0.0,1427.37394940757,20.3 ,99.0,0.0,82.0
FR,2014,82.9,86.1,79.5,108.0,France,12.6,18.2,FRA,98,91,0,11.54441643,4982.99121094,4.61605285360078,0,38530,0,12.07 ,0.0,1421.86100559572,20.5 ,98.0,0.0,83.0
FR,2015,82.4,85.6,79.2,107.0,France,13.5,20.5,FRA,97,91,0,11.4475565,4201.55566406,4.67780722830743,0,39150,0,11.87 ,31.4,1422.21671624761,20.8 ,97.0,0.0,88.0
FR,2016,82.7,85.8,79.5,106.0,France,12.7,19.2,FRA,96,90,0,11.47163677,4257.14990234,4.70474677978042,0,37650,0,11.74 ,0.0,1427.59900469332,21.1 ,96.0,0.0,90.0
FR,2017,82.7,85.7,79.6,104.0,France,12.0,19.1,FRA,96,90,0,11.33276176,4402.07958984,4.74954259812627,0,38620,0,11.69 ,0.0,1416.45472724364,0,96.0,0.0,90.0
FR,2018,82.8,85.8,79.7,104.0,France,11.7,18.3,FRA,96,90,0,11.18583012,4657.75292969,4.5720300891405,0,38120,0,11.24 ,31.7,1424.02123613312,0,96.0,0.0,91.0
FR,2019,83.0,85.9,79.9,106.0,France,10.4,17.4,FRA,96,92,0,11.05747223,4491.73535156,4.45954746474334,0,38260,0,11.44 ,31.9,1428.33308480163,0,96.0,0.0,91.0
FR,2020,82.3,85.3,79.2,104.0,France,0.0,0.0,FRA,96,92,0,0,0,0,0,0,0,0,0.0,1325.96863351574,0,96.0,0.0,91.0
FR,2021,82.5,85.5,79.3,104.0,France,0.0,0.0,FRA,0,0,0,0,0,0,0,0,0,0,0.0,0.0,0,0.0,0.0,0.0
HR,2010,76.7,79.9,73.4,61.0,Croatia,0.0,0.0,HRV,97,96,0,8.0887022,1126.37365723,4.53039920931556,0,2500,78,10.71 ,31.3,0.0,20.6 ,97.0,99.0,97.0
HR,2011,77.2,80.4,73.8,61.0,Croatia,0.0,0.0,HRV,96,96,0,7.76850891,1132.49890137,4.44561577421354,0,2630,0,11.01 ,0.0,0.0,21.2 ,96.0,99.0,96.0
HR,2012,77.3,80.6,73.9,61.0,Croatia,0.0,0.0,HRV,96,95,0,7.78380489,1029.97119141,4.07961645686177,0,2330,0,10.58 ,0.0,0.0,21.8 ,96.0,99.0,96.0
HR,2013,77.8,81.0,74.5,61.0,Croatia,21.9,34.0,HRV,96,94,0,6.51796293,889.94451904,3.99700265430152,0,1730,0,10.39 ,0.0,0.0,22.3 ,96.0,99.0,96.0
HR,2014,77.9,81.0,74.7,60.0,Croatia,20.0,29.7,HRV,95,94,0,6.70013046,909.37164307,3.83164446942416,0,1700,0,9.5 ,0.0,0.0,22.9 ,95.0,98.0,95.0
HR,2015,77.5,80.5,74.4,61.0,Croatia,21.9,33.1,HRV,94,93,0,6.78702879,795.52081299,3.94899243160624,0,1840,0,9.64 ,33.7,0.0,23.5 ,94.0,98.0,94.0
HR,2016,78.2,81.3,75.0,62.0,Croatia,20.6,34.7,HRV,93,90,0,6.82921791,840.9050293,4.04374410495304,0,1610,0,10 ,0.0,0.0,24.1 ,93.0,99.0,92.0
HR,2017,78.0,81.0,74.9,64.0,Croatia,19.0,35.1,HRV,92,89,0,6.75844765,902.62524414,4.22108594829621,0,1740,0,9.7 ,0.0,0.0,0,92.0,98.0,92.0
HR,2018,78.2,81.5,74.9,65.0,Croatia,20.3,33.8,HRV,93,93,0,6.78430557,1014.22235107,4.01923466854666,0,1740,0,9.63 ,34.9,0.0,0,94.0,98.0,93.0
HR,2019,78.6,81.6,75.5,67.0,Croatia,16.0,30.9,HRV,94,93,0,6.97861767,1040.08569336,4.06370783264011,0,1720,0,9.64 ,35.6,0.0,0,94.0,98.0,93.0
HR,2020,77.8,80.9,74.7,65.0,Croatia,0.0,0.0,HRV,94,91,0,0,0,0,0,0,0,0,0.0,0.0,0,94.0,98.0,91.0
HR,2021,76.8,79.9,73.7,70.0,Croatia,0.0,0.0,HRV,0,0,0,0,0,0,0,0,0,0,0.0,0.0,0,0.0,0.0,0.0
HU,2010,74.7,78.6,70.7,66.0,Hungary,22.3,31.3,HUN,99,99,0,7.46319818,983.11083984,4.7879890944366,26,5000,1749,10.7 ,29.7,1684.0472792307,22.5 ,99.0,99.0,0.0
HU,2011,75.1,78.7,71.2,67.0,Hungary,26.5,33.3,HUN,99,99,0,7.49094248,1063.43225098,4.70430045341315,0,5290,0,11.37 ,0.0,1674.93567459841,22.9 ,99.0,99.0,0.0
HU,2012,75.3,78.7,71.6,67.0,Hungary,23.4,28.8,HUN,99,99,0,7.43017483,961.1383667,4.37786446756437,0,5160,0,11.13 ,0.0,1665.52326458591,23.2 ,99.0,99.0,0.0
HU,2013,75.8,79.1,72.2,68.0,Hungary,17.3,27.3,HUN,99,99,0,7.24897766,990.63116455,4.12005058904123,0,5550,0,10.73 ,0.0,1662.07953762209,23.6 ,99.0,99.0,0.0
HU,2014,76.0,79.4,72.3,69.0,Hungary,20.2,28.2,HUN,99,99,0,7.06011677,1006.15649414,4.11798842991385,0,5390,0,10.92 ,0.0,1679.92496379564,23.9 ,99.0,99.0,0.0
HU,2015,75.7,79.0,72.3,70.0,Hungary,0.0,26.9,HUN,99,99,0,6.85949564,870.51940918,4.40718050056499,0,5370,0,10.95 ,28.7,1683.08111201584,24.3 ,99.0,99.0,0.0
HU,2016,76.2,79.7,72.6,69.0,Hungary,0.0,25.3,HUN,99,99,0,6.99535179,914.19354248,4.50885431998682,0,5540,0,11.28 ,0.0,1701.57517718733,24.6 ,99.0,99.0,0.0
HU,2017,76.0,79.3,72.5,69.0,Hungary,20.9,26.5,HUN,99,99,0,6.75595856,985.79901123,4.744601547115,0,5570,0,10.79 ,0.0,1693.0980612176,0,99.0,99.0,0.0
HU,2018,76.2,79.6,72.7,71.0,Hungary,17.7,27.6,HUN,99,99,0,6.54620171,1074.01757813,4.74652935890747,0,5930,0,10.79 ,28.0,1681.89780710856,0,99.0,99.0,0.0
HU,2019,76.5,79.7,73.1,73.0,Hungary,14.4,24.4,HUN,99,99,0,6.35002232,1062.39416504,4.74663102989868,0,5700,0,10.79 ,28.0,1681.23282449943,0,99.0,99.0,0.0
HU,2020,75.7,79.0,72.3,75.0,Hungary,0.0,0.0,HUN,99,99,0,0,0,0,0,0,0,0,0.0,1624.88966025623,0,99.0,99.0,0.0
HU,2021,74.5,78.0,71.1,75.0,Hungary,0.0,0.0,HUN,0,0,0,0,0,0,0,0,0,0,0.0,0.0,0,0.0,0.0,0.0
IE,2010,80.8,83.1,78.5,131.0,Ireland,11.8,15.6,IRL,94,90,0,10.50632477,5133.45507813,8.81329661529246,59,8940,1192,11.57 ,26.1,1600.8589353273,21.2 ,94.0,30.0,46.0
IE,2011,80.9,83.0,78.6,131.0,Ireland,0.0,15.7,IRL,95,92,0,10.676898,5558.296875,8.00858680870827,0,8820,0,11.49 ,0.0,1599.20619739862,21.8 ,95.0,41.0,95.0
IE,2012,80.9,83.1,78.7,133.0,Ireland,0.0,12.7,IRL,95,92,0,10.65266323,5222.04492188,8.07255890285279,0,9320,0,11.38 ,0.0,1602.68459814281,22.4 ,95.0,42.0,95.0
IE,2013,81.0,83.1,78.9,133.0,Ireland,11.1,15.0,IRL,96,93,0,10.29696083,5328.57910156,7.72305798597364,0,9260,0,10.51 ,0.0,1614.78319215381,23.1 ,96.0,76.0,95.0
IE,2014,81.4,83.5,79.3,138.0,Ireland,9.5,14.3,IRL,96,93,0,9.53489971,5329.98046875,7.62816275260038,0,9210,0,10.88 ,0.0,1625.16076712435,23.7 ,96.0,74.0,95.0
IE,2015,81.5,83.4,79.6,181.0,Ireland,8.0,13.2,IRL,95,93,0,7.31605005,4561.38916016,7.88182481747302,0,9330,0,10.81 ,22.3,1616.76189321138,24.4 ,95.0,77.0,95.0
IE,2016,81.7,83.6,79.8,177.0,Ireland,8.9,12.5,IRL,95,92,0,7.4248991,4709.16845703,8.16346265716804,0,9380,0,11.3 ,0.0,1643.27488330172,25.1 ,95.0,18.0,95.0
IE,2017,82.2,84.0,80.4,183.0,Ireland,8.0,11.5,IRL,95,92,0,7.06397724,5010.25634766,7.85873717272184,0,9730,0,11.13 ,0.0,1661.56927096266,0,95.0,0.0,95.0
IE,2018,82.2,84.1,80.4,190.0,Ireland,8.8,13.3,IRL,94,92,0,6.86017275,5484.22119141,7.73732378325387,0,9510,0,11.15 ,20.3,1681.22575996972,0,94.0,0.0,94.0
IE,2019,82.8,84.7,80.8,189.0,Ireland,8.8,12.7,IRL,94,91,0,6.67931509,5428.58886719,7.24514322077522,0,9250,0,10.91 ,19.7,1683.66902017952,0,94.0,0.0,93.0
IE,2020,82.6,84.4,80.8,205.0,Ireland,0.0,0.0,IRL,94,92,0,0,0,0,0,0,0,0,0.0,1600.16108504217,0,94.0,0.0,94.0
IE,2021,0.0,0.0,0.0,219.0,Ireland,0.0,0.0,IRL,0,0,0,0,0,0,0,0,0,0,0.0,0.0,0,0.0,0.0,0.0
IS,2010,81.9,84.1,79.8,121.0,Iceland,7.7,10.8,ISL,96,93,0,8.36173058,3589.55566406,6.16272756703372,3,350,81,6.79 ,18.2,1548.21100917431,18.1 ,96.0,0.0,0.0
IS,2011,82.4,84.1,80.7,119.0,Iceland,4.7,9.1,ISL,95,94,0,8.20293236,3860.0300293,5.92450483582191,0,350,0,6.84 ,0.0,1558.07268007787,18.3 ,95.0,0.0,0.0
IS,2012,83.0,84.3,81.6,120.0,Iceland,4.6,8.7,ISL,89,90,0,8.18118858,3705.94604492,5.7995236106247,0,360,0,6.82 ,0.0,1541.72084130019,18.5 ,89.0,0.0,0.0
IS,2013,82.1,83.7,80.5,123.0,Iceland,7.0,11.5,ISL,91,91,0,8.17555237,4029.2331543,6.26999904680499,0,350,0,6.8 ,0.0,1540.55279503106,18.7 ,91.0,0.0,0.0
IS,2014,82.9,84.5,81.3,124.0,Iceland,0.0,0.0,ISL,90,90,0,8.22888947,4474.54931641,6.26172149180564,0,370,0,7.01 ,0.0,1529.55151515152,18.9 ,90.0,0.0,0.0
IS,2015,82.5,83.8,81.2,129.0,Iceland,7.4,10.8,ISL,92,93,0,8.06978989,4280.49072266,6.22704515448072,0,380,0,7.66 ,14.9,1525.59341950646,19.2 ,92.0,0.0,0.0
IS,2016,82.2,84.1,80.4,132.0,Iceland,5.0,10.3,ISL,91,91,0,8.09714699,5068.10009766,4.85930376381885,0,370,0,7.49 ,0.0,1532.99719887955,19.4 ,91.0,0.0,0.0
IS,2017,82.6,84.3,81.1,130.0,Iceland,6.2,14.8,ISL,89,92,0,8.30908108,6144.54638672,4.86313324718888,0,380,0,7.75 ,0.0,1517.6886035313,0,89.0,0.0,0.0
IS,2018,82.9,84.5,81.3,128.0,Iceland,6.2,11.3,ISL,91,93,0,8.44292068,6565.87939453,4.81967347473986,0,380,0,7.72 ,12.6,1507.39107883817,0,91.0,0.0,0.0
IS,2019,83.2,84.7,81.7,126.0,Iceland,5.9,10.6,ISL,92,93,0,8.63868046,6274.95947266,4.54844225751086,0,370,0,7.72 ,12.5,1492.69890795632,0,93.0,0.0,0.0
IS,2020,83.1,84.6,81.6,119.0,Iceland,0.0,0.0,ISL,93,93,0,0,0,0,0,0,0,0,0.0,1462.00656096227,0,93.0,0.0,0.0
IS,2021,83.2,84.5,81.8,119.0,Iceland,0.0,0.0,ISL,0,0,0,0,0,0,0,0,0,0,0.0,0.0,0,0.0,0.0,0.0
IT,2010,82.2,84.7,79.5,106.0,Italy,23.4,30.5,ITA,96,91,0,8.91602039,3217.68286133,6.83683617681371,987,16820,14097,6.95 ,19.6,1776.8,17.8 ,96.0,0.0,96.0
IT,2011,82.4,84.8,79.7,105.0,Italy,26.8,35.5,ITA,96,90,0,8.77413177,3392.01269531,6.6805941975212,0,16280,0,6.98 ,0.0,1772.6,18.2 ,96.0,0.0,96.0
IT,2012,82.4,84.8,79.8,103.0,Italy,23.0,30.7,ITA,97,90,0,8.78352833,3086.30322266,6.32770894762567,0,16730,0,7.48 ,0.0,1733.6,18.5 ,96.0,0.0,96.0
IT,2013,82.9,85.2,80.3,101.0,Italy,20.1,30.2,ITA,96,90,0,8.77543831,3149.24267578,5.75190574350328,0,16560,0,7.35 ,0.0,1719.1,18.9 ,96.0,0.0,96.0
IT,2014,83.2,85.6,80.7,98.0,Italy,17.6,26.9,ITA,95,87,0,8.86791897,3154.27587891,5.38747546025491,0,16200,0,7.56 ,0.0,1716.3,19.1 ,95.0,0.0,95.0
IT,2015,82.7,84.9,80.3,97.0,Italy,22.0,32.7,ITA,93,85,0,8.85689163,2675.67163086,5.56325946870661,0,16330,0,7.14 ,19.6,1717.5,19.3 ,93.0,0.0,93.0
IT,2016,83.4,85.6,81.0,99.0,Italy,19.3,27.5,ITA,94,87,0,8.72533035,2699.73291016,5.49816514509457,0,16320,0,7.1 ,0.0,1721.7,19.5 ,93.0,0.0,93.0
IT,2017,83.1,85.2,80.8,98.0,Italy,19.2,29.0,ITA,95,92,0,8.6777401,2809.72143555,5.43785758887894,0,16180,0,7.37 ,0.0,1719.2,0,95.0,0.0,94.0
IT,2018,83.4,85.6,81.2,97.0,Italy,16.0,26.1,ITA,95,93,0,8.67509365,3000.7109375,5.37687092998968,0,15390,0,7.81 ,19.6,1719.4,0,95.0,0.0,95.0
IT,2019,83.6,85.7,81.4,97.0,Italy,15.1,25.5,ITA,96,94,0,8.66856861,2905.5,5.31131544170879,0,15340,0,7.65 ,19.6,1710.2,0,96.0,0.0,95.0
IT,2020,82.3,84.5,80.0,94.0,Italy,0.0,0.0,ITA,94,92,0,0,0,0,0,0,0,0,0.0,1553.6,0,94.0,0.0,94.0
IT,2021,82.9,85.1,80.6,95.0,Italy,0.0,0.0,ITA,0,0,0,0,0,0,0,0,0,0,0.0,0.0,0,0.0,0.0,0.0
LT,2010,73.3,78.9,67.6,61.0,Lithuania,0.0,26.9,LTU,95,96,0,6.81462288,805.2244873,4.06808304231571,0,3820,1293,13.22 ,23.2,1656.32784432848,21.4 ,95.0,99.0,94.0
LT,2011,73.7,79.3,68.1,66.0,Lithuania,0.0,22.7,LTU,92,94,0,6.4878149,925.47161865,3.91332574273754,0,4160,0,14.76 ,0.0,1630.55152067387,21.8 ,92.0,98.0,95.0
LT,2012,74.1,79.6,68.4,71.0,Lithuania,0.0,20.3,LTU,93,93,0,6.2759347,896.93707275,3.99294066355637,0,3980,0,14.97 ,0.0,1629.43284416865,22.3 ,93.0,98.0,93.0
LT,2013,74.1,79.6,68.5,74.0,Lithuania,12.1,23.9,LTU,93,93,0,6.12593651,958.92718506,3.83069346496745,0,3740,0,14.92 ,0.0,1616.2186559015,22.7 ,93.0,98.0,93.0
LT,2014,74.7,80.1,69.2,76.0,Lithuania,11.9,23.4,LTU,93,93,0,6.19332647,1021.23297119,3.70349265855099,0,3810,0,14.9 ,0.0,1611.81190994512,23.2 ,93.0,98.0,94.0
LT,2015,74.6,79.7,69.2,75.0,Lithuania,10.9,21.7,LTU,93,94,0,6.49043989,920.19976807,3.81078921371891,0,3820,0,14.2 ,22.4,1632.03692209186,23.7 ,93.0,97.0,94.0
LT,2016,74.9,80.1,69.5,76.0,Lithuania,9.3,24.1,LTU,94,94,0,6.63746214,988.5279541,3.90484581237184,0,3680,0,13.47 ,0.0,1657.85901386431,24.2 ,94.0,98.0,95.0
LT,2017,75.8,80.5,70.7,79.0,Lithuania,8.6,22.8,LTU,94,94,0,6.47513723,1083.30334473,3.9669029721114,0,3720,0,12.14 ,0.0,1620.89139274549,0,94.0,97.0,94.0
LT,2018,76.0,80.7,70.9,81.0,Lithuania,8.5,20.0,LTU,92,92,0,6.53385353,1249.03100586,4.15842256161348,0,3570,0,11.77 ,21.9,1628.02837992883,0,92.0,96.0,93.0
LT,2019,76.5,81.2,71.6,84.0,Lithuania,11.1,21.9,LTU,92,93,0,7.00600433,1369.97949219,4.19807602212644,0,3650,0,11.93 ,21.8,1630.75328303012,0,92.0,97.0,92.0
LT,2020,75.1,80.1,70.1,88.0,Lithuania,0.0,0.0,LTU,91,90,0,0,0,0,0,0,0,0,0.0,1573.46883300437,0,91.0,96.0,91.0
LT,2021,74.5,79.0,69.9,89.0,Lithuania,0.0,0.0,LTU,0,0,0,0,0,0,0,0,0,0,0.0,0.0,0,0.0,0.0,0.0
LU,2010,80.8,83.5,77.9,274.0,Luxembourg,16.0,17.0,LUX,99,96,0,7.03158236,7459.83544922,21.757440498372,0,370,145,11.84 ,22.5,1519.8214879172,18.9 ,96.0,0.0,94.0
LU,2011,81.1,83.6,78.5,274.0,Luxembourg,13.7,18.2,LUX,99,96,0,6.11205053,7174.73925781,21.0283837246676,0,380,0,11.74 ,0.0,1519.52902121479,19.2 ,96.0,0.0,95.0
LU,2012,81.5,83.8,79.1,277.0,Luxembourg,12.2,17.8,LUX,99,99,0,5.58377266,6029.47509766,20.1338734643133,0,360,0,11.67 ,0.0,1512.81423991901,19.5 ,99.0,0.0,94.0
LU,2013,81.9,83.9,79.8,279.0,Luxembourg,16.3,20.8,LUX,99,99,0,5.52774715,6356.64453125,18.6800640800396,0,360,0,11.25 ,0.0,1503.71156178431,19.8 ,99.0,0.0,94.0
LU,2014,82.3,85.2,79.4,283.0,Luxembourg,11.5,20.7,LUX,99,99,0,5.43687868,6547.03466797,17.3461622172356,0,360,0,11.42 ,0.0,1508.10155239327,20.1 ,99.0,0.0,94.0
LU,2015,82.4,84.7,80.0,282.0,Luxembourg,11.7,21.4,LUX,99,99,0,5.28378248,5421.93212891,16.0286797747925,0,360,0,11.37 ,21.1,1516.32118430076,20.4 ,99.0,0.0,94.0
LU,2016,82.7,85.4,80.1,278.0,Luxembourg,14.4,22.1,LUX,99,99,0,5.19496346,5475.13964844,15.205820446707,0,360,0,11.25 ,0.0,1514.44933426484,20.7 ,99.0,0.0,94.0
LU,2017,82.1,84.4,79.9,269.0,Luxembourg,13.2,22.5,LUX,99,99,0,5.25779152,5713.11865234,15.0921628075447,0,370,0,11.18 ,0.0,1506.16974046237,0,99.0,0.0,94.0
LU,2018,82.3,84.6,80.1,260.0,Luxembourg,11.1,21.1,LUX,99,99,0,5.28587103,6227.08398438,15.3302075743469,0,370,0,10.98 ,20.3,1506.46571663769,0,99.0,0.0,96.0
LU,2019,82.7,85.2,80.2,251.0,Luxembourg,10.2,20.3,LUX,99,99,0,5.37075996,6220.74121094,15.3064265559542,0,380,0,11 ,20.1,1504.61177451917,0,99.0,0.0,96.0
LU,2020,82.2,84.5,79.9,261.0,Luxembourg,0.0,0.0,LUX,99,99,0,0,0,0,0,0,0,0,0.0,1431.0396837546,0,99.0,0.0,96.0
LU,2021,82.8,84.9,80.7,268.0,Luxembourg,0.0,0.0,LUX,0,0,0,0,0,0,0,0,0,0,0.0,0.0,0,0.0,0.0,0.0
LV,2010,73.1,78.0,67.9,54.0,Latvia,0.0,24.4,LVA,92,95,0,6.11952686,689.07720947,4.06187225496527,0,1730,1345,9.83 ,25.1,1663.58239099819,18.9 ,92.0,92.0,91.0
LV,2011,73.9,78.8,68.6,56.0,Latvia,0.0,23.0,LVA,92,92,0,5.54237556,764.59173584,3.8354933125832,0,1750,0,10.11 ,0.0,1674.91365293481,19.4 ,92.0,93.0,89.0
LV,2012,74.1,78.9,68.9,61.0,Latvia,17.3,22.8,LVA,91,90,0,5.38090277,745.51745605,3.72114706280646,0,1820,0,10.2 ,0.0,1665.96298022594,19.8 ,91.0,94.0,90.0
LV,2013,74.3,78.9,69.3,63.0,Latvia,16.8,21.4,LVA,94,96,0,5.36752796,807.13000488,3.70159288204297,0,1840,0,10.43 ,0.0,1660.39246022764,20.2 ,94.0,94.0,94.0
LV,2014,74.5,79.4,69.1,64.0,Latvia,18.3,23.7,LVA,92,95,0,5.46614885,856.76654053,3.65135215876578,0,1880,0,10.6 ,0.0,1670.37955612713,20.7 ,92.0,92.0,92.0
LV,2015,74.8,79.5,69.7,65.0,Latvia,15.9,19.9,LVA,94,96,0,5.65469503,775.86431885,3.70159303597947,0,1960,0,10.8 ,24.4,1632.92096480403,21.1 ,94.0,93.0,94.0
LV,2016,74.9,79.6,69.8,66.0,Latvia,15.4,19.0,LVA,98,93,0,6.13591957,874.79772949,3.64882117325033,0,1940,0,11.3 ,0.0,1632.23897669332,21.6 ,98.0,96.0,98.0
LV,2017,74.9,79.7,69.8,67.0,Latvia,13.6,17.2,LVA,98,96,0,5.97031736,932.50158691,3.66585517686674,0,1930,0,12.6 ,0.0,1618.5323894824,0,98.0,96.0,98.0
LV,2018,75.1,79.7,70.1,69.0,Latvia,16.1,23.3,LVA,96,98,0,6.19103575,1101.49255371,4.04218817909178,0,1860,0,13.2 ,23.8,1638.14831221322,0,96.0,95.0,96.0
LV,2019,75.7,80.1,70.9,69.0,Latvia,12.1,20.2,LVA,99,99,0,6.57814217,1166.79785156,3.95543586167438,0,1940,0,12.9 ,23.8,1606.03264692246,0,99.0,96.0,99.0
LV,2020,75.5,80.0,70.6,72.0,Latvia,0.0,0.0,LVA,99,99,0,0,0,0,0,0,0,0,0.0,1560.78695325252,0,99.0,99.0,99.0
LV,2021,73.4,78.2,68.6,72.0,Latvia,0.0,0.0,LVA,0,0,0,0,0,0,0,0,0,0,0.0,0.0,0,0.0,0.0,0.0
MK,2010,75.0,77.2,72.9,35.0,North Macedonia,0.0,0.0,MKD,95,98,0,6.71369648,305.2322998,4.20437154541925,0,570,185,0,0.0,0.0,0,0.0,0.0,0.0
MK,2011,75.1,77.2,73.1,34.0,North Macedonia,0.0,0.0,MKD,96,97,0,6.51887369,329.95043945,4.62463934750018,0,570,0,0,0.0,0.0,0,0.0,0.0,0.0
MK,2012,74.9,76.9,73.0,34.0,North Macedonia,0.0,0.0,MKD,95,96,0,6.61468363,310.7749939,4.39097864515986,0,540,0,0,0.0,0.0,0,0.0,0.0,0.0
MK,2013,75.5,77.5,73.4,35.0,North Macedonia,0.0,0.0,MKD,98,96,0,6.7192831,350.2098999,3.94373747273431,0,550,0,0,0.0,0.0,0,0.0,0.0,0.0
MK,2014,75.5,77.5,73.5,36.0,North Macedonia,0.0,0.0,MKD,95,93,0,6.28993368,343.87866211,3.72435686365862,0,560,0,0,0.0,0.0,0,0.0,0.0,0.0
MK,2015,75.5,77.4,73.5,36.0,North Macedonia,0.0,0.0,MKD,91,89,0,6.34227896,306.9151001,3.57931928562974,0,560,0,0,0.0,0.0,0,0.0,0.0,0.0
MK,2016,75.4,77.5,73.4,37.0,North Macedonia,0.0,0.0,MKD,95,82,0,6.37943363,327.49136353,3.52233313103313,0,590,0,0,0.0,0.0,0,0.0,0.0,0.0
MK,2017,76.0,77.9,74.1,37.0,North Macedonia,0.0,0.0,MKD,91,83,0,6.5939827,358.30688477,3.75511807742438,0,580,0,0,0.0,0.0,0,0.0,0.0,0.0
MK,2018,76.7,78.8,74.6,38.0,North Macedonia,0.0,0.0,MKD,92,75,0,6.55475044,399.09707642,3.51601021990228,0,560,0,0,0.0,0.0,0,0.0,0.0,0.0
MK,2019,76.6,78.6,74.7,38.0,North Macedonia,0.0,0.0,MKD,92,75,0,7.25409985,436.88717651,3.99673721344351,0,540,0,0,0.0,0.0,0,0.0,0.0,0.0
MK,2020,74.4,76.7,72.2,38.0,North Macedonia,0.0,0.0,MKD,84,63,0,0,0,0,0,0,0,0,0.0,0.0,0,0.0,0.0,0.0
MK,2021,0.0,0.0,0.0,42.0,North Macedonia,0.0,0.0,MKD,0,0,0,0,0,0,0,0,0,0,0.0,0.0,0,0.0,0.0,0.0
MT,2010,81.5,83.6,79.3,87.0,Malta,0.0,0.0,MLT,76,73,0,7.95211124,1733.66882324,6.24837135632921,0,60,173,6.99 ,23.9,0.0,26.2 ,76.0,0.0,75.0
MT,2011,80.9,83.0,78.6,84.0,Malta,0.0,0.0,MLT,96,84,0,8.4481411,1960.06115723,6.17390703403288,0,50,0,6.89 ,0.0,0.0,26.7 ,96.0,0.0,82.0
MT,2012,80.9,83.0,78.6,87.0,Malta,0.0,0.0,MLT,99,93,0,8.37802982,1898.60144043,6.47575882705493,0,60,0,7.18 ,0.0,0.0,27.1 ,99.0,0.0,93.0
MT,2013,81.9,84.0,79.6,90.0,Malta,0.0,0.0,MLT,99,99,0,8.49665737,2121.08227539,5.56381101249411,0,70,0,7.32 ,0.0,0.0,27.6 ,99.0,0.0,94.0
MT,2014,82.1,84.3,79.9,93.0,Malta,0.0,0.0,MLT,99,98,0,9.08505249,2456.43481445,5.43080531274497,0,70,0,7.14 ,0.0,0.0,28.1 ,99.0,0.0,90.0
MT,2015,82.0,84.1,79.8,98.0,Malta,0.0,0.0,MLT,97,89,0,8.89759541,2243.46704102,3.72989276922389,0,70,0,7.37 ,22.8,0.0,28.3 ,97.0,0.0,95.0
MT,2016,82.6,84.4,80.6,98.0,Malta,0.0,0.0,MLT,97,93,0,8.94369507,2321.15332031,2.96471337556079,0,60,0,7.59 ,0.0,0.0,28.5 ,97.0,0.0,97.0
MT,2017,82.4,84.6,80.2,102.0,Malta,0.0,0.0,MLT,98,91,0,8.89494133,2551.71606445,3.2478701470014,0,50,0,7.91 ,0.0,0.0,0,98.0,0.0,88.0
MT,2018,82.5,84.6,80.4,102.0,Malta,0.0,0.0,MLT,97,96,0,8.81080437,2753.51098633,3.19831614286421,0,50,0,7.95 ,22.1,0.0,0,97.0,0.0,98.0
MT,2019,82.9,84.6,81.2,103.0,Malta,0.0,0.0,MLT,98,96,0,8.21444321,2531.91088867,3.29324560594014,0,50,0,8.07 ,21.8,0.0,0,98.0,0.0,98.0
MT,2020,82.3,84.5,80.3,97.0,Malta,0.0,0.0,MLT,98,95,0,0,0,0,0,0,0,0,0.0,0.0,0,98.0,0.0,98.0
MT,2021,82.9,84.5,81.3,100.0,Malta,0.0,0.0,MLT,0,0,0,0,0,0,0,0,0,0,0.0,0.0,0,0.0,0.0,0.0
NL,2010,81.0,83.0,78.9,137.0,Netherlands,17.1,24.7,NLD,97,96,0,10.15515518,5191.72802734,10.2982812571494,159,8350,4612,9.34 ,25.0,1356.632553738,17.4 ,97.0,0.0,0.0
NL,2011,81.3,83.1,79.4,135.0,Netherlands,16.8,25.3,NLD,97,96,0,10.23353291,5562.09619141,9.51113044083199,0,8210,0,8.95 ,0.0,1358.15515851693,18 ,97.0,0.0,20.0
NL,2012,81.2,83.0,79.3,135.0,Netherlands,13.5,21.2,NLD,97,96,0,10.53905964,5284.68652344,9.39840992899316,0,8290,0,9 ,0.0,1348.14418918919,18.5 ,97.0,0.0,20.0
NL,2013,81.4,83.2,79.5,137.0,Netherlands,14.0,21.2,NLD,97,96,0,10.5835619,5532.68701172,9.34812889468034,0,8200,0,8.59 ,0.0,1352.79590996431,19 ,97.0,0.0,51.0
NL,2014,81.8,83.5,80.0,133.0,Netherlands,13.9,21.2,NLD,96,96,0,10.56706905,5601.90234375,8.88170306744788,0,8500,0,8.38 ,0.0,1362.25383022774,19.3 ,96.0,0.0,94.0
NL,2015,81.6,83.2,79.9,131.0,Netherlands,12.7,19.7,NLD,95,95,0,10.32393837,4676.56201172,9.29225024589008,0,8830,0,8.3 ,22.2,1355.84360902256,19.7 ,95.0,0.0,94.0
NL,2016,81.7,83.2,80.0,129.0,Netherlands,11.2,19.0,NLD,95,94,0,10.2942524,4753.67431641,9.30928186562696,0,8600,0,8.29 ,0.0,1365.71892255892,20 ,95.0,0.0,93.0
NL,2017,81.8,83.4,80.2,129.0,Netherlands,11.3,19.2,NLD,94,93,0,10.1082983,4934.57519531,9.09213141299035,0,8400,0,8.31 ,0.0,1364.22783978989,0,94.0,0.0,92.0
NL,2018,81.9,83.4,80.3,129.0,Netherlands,11.8,20.2,NLD,93,93,0,10.0318222,5336.984375,8.78385000800575,0,7960,0,8.33 ,20.8,1363.94065092534,0,93.0,0.0,92.0
NL,2019,82.2,83.7,80.6,127.0,Netherlands,10.4,19.1,NLD,94,94,0,10.13031101,5335.30126953,8.43707462722941,0,8120,0,8.23 ,20.3,1369.56903661127,0,94.0,0.0,92.0
NL,2020,81.4,83.1,79.7,130.0,Netherlands,0.0,0.0,NLD,94,94,0,0,0,0,0,0,0,0,0.0,1337.95640085935,0,94.0,0.0,93.0
NL,2021,81.5,83.1,79.9,130.0,Netherlands,0.0,0.0,NLD,0,0,0,0,0,0,0,0,0,0,0.0,0.0,0,0.0,0.0,0.0
NO,2010,81.2,83.3,79.0,177.0,Norway,11.2,19.7,NOR,93,93,0,8.90553188,7859.51611328,8.46959818136028,157,3330,465,6.59 ,25.8,1429.8,20.2 ,93.0,0.0,0.0
NO,2011,81.4,83.6,79.1,181.0,Norway,10.2,19.6,NOR,94,93,0,8.78868103,8900.37207031,7.9950120963167,0,3300,0,6.44 ,0.0,1434.7,20.8 ,94.0,0.0,0.0
NO,2012,81.5,83.5,79.5,188.0,Norway,9.5,16.0,NOR,95,94,0,8.77787876,8970.12011719,7.66951116950312,0,3290,0,6.21 ,0.0,1431.1,21.1 ,95.0,0.0,0.0
NO,2013,81.8,83.8,79.8,187.0,Norway,9.2,16.7,NOR,94,93,0,8.92953396,9241.265625,7.77616764078752,0,3280,0,6.21 ,0.0,1421.3,21.5 ,94.0,0.0,0.0
NO,2014,82.2,84.2,80.1,179.0,Norway,8.5,15.1,NOR,93,94,0,9.34493351,9118.31738281,7.61304932507459,0,3330,0,6.06 ,0.0,1424.1,21.8 ,93.0,0.0,0.0
NO,2015,82.4,84.2,80.5,159.0,Norway,7.6,13.9,NOR,95,95,0,10.13146877,7565.54980469,7.61090629497798,0,3350,0,5.97 ,19.7,1426.6,22.2 ,95.0,0.0,0.0
NO,2016,82.5,84.2,80.7,146.0,Norway,7.9,13.1,NOR,96,96,0,10.59129524,7496.76855469,7.40469149534718,0,3380,0,6.03 ,0.0,1430.0,22.5 ,96.0,0.0,0.0
NO,2017,82.7,84.3,81.0,151.0,Norway,7.0,11.6,NOR,96,96,0,10.31589031,7815.78662109,7.14804433544094,0,3390,0,6 ,0.0,1419.5,0,96.0,0.0,0.0
NO,2018,82.8,84.5,81.1,157.0,Norway,6.1,13.5,NOR,96,96,0,10.02394581,8271.85839844,7.07654265477615,0,3360,0,6.02 ,17.0,1419.2,0,96.0,0.0,0.0
NO,2019,83.0,84.7,81.3,147.0,Norway,6.5,11.8,NOR,97,97,0,10.52134705,8007.39794922,6.7222699848575,0,3400,0,6.05 ,16.2,1418.6,0,97.0,0.0,96.0
NO,2020,83.3,84.9,81.6,142.0,Norway,0.0,0.0,NOR,97,97,0,0,0,0,0,0,0,0,0.0,1410.7,0,97.0,0.0,97.0
NO,2021,83.2,84.7,81.7,167.0,Norway,0.0,0.0,NOR,0,0,0,0,0,0,0,0,0,0,0.0,0.0,0,0.0,0.0,0.0
PL,2010,76.4,80.7,72.2,63.0,Poland,30.5,39.7,POL,99,98,0,6.41223288,809.19940186,8.24702807670685,273,21560,2036,10.07 ,25.9,1741.11909662022,20.6 ,96.0,93.0,98.0
PL,2011,76.8,81.1,72.5,65.0,Poland,27.6,39.7,POL,99,98,0,6.2400856,866.09466553,8.1598380469009,0,21250,0,10.24 ,0.0,1734.20058813755,20.9 ,96.0,94.0,98.0
PL,2012,76.9,81.1,72.6,67.0,Poland,27.0,37.4,POL,99,98,0,6.22393656,815.1418457,7.96964766522079,0,21680,0,10.21 ,0.0,1725.85888828628,21.2 ,95.0,94.0,97.0
PL,2013,77.1,81.2,73.0,67.0,Poland,25.5,33.7,POL,99,98,0,6.41485739,878.08850098,7.84170480596286,0,20800,0,10.8 ,0.0,1721.32434228409,21.4 ,95.0,93.0,96.0
PL,2014,77.8,81.7,73.7,67.0,Poland,26.1,35.1,POL,98,97,0,6.38664055,911.29815674,7.51688948127014,0,20290,0,10.45 ,0.0,1726.44764482295,21.7 ,94.0,92.0,96.0
PL,2015,77.5,81.6,73.5,69.0,Poland,23.8,33.0,POL,98,96,0,6.39477158,803.95965576,7.61008927540369,0,20500,0,10.47 ,22.8,1733.11170838418,21.9 ,92.0,94.0,96.0
PL,2016,78.0,82.0,73.9,69.0,Poland,23.3,31.3,POL,98,96,0,6.53473806,813.47277832,7.895688724468,0,21420,0,10.43 ,0.0,1733.61649435009,22.2 ,92.0,93.0,95.0
PL,2017,77.8,81.8,73.9,69.0,Poland,24.1,32.5,POL,96,94,0,6.5601325,909.57818604,8.23861537513202,0,21500,0,10.53 ,0.0,1717.54481668099,0,90.0,92.0,93.0
PL,2018,77.7,81.7,73.7,71.0,Poland,24.3,33.2,POL,95,93,0,6.32764196,978.73565674,8.21361572260802,0,21400,0,10.62 ,21.2,1696.86553670826,0,87.0,92.0,91.0
PL,2019,78.0,81.9,74.1,73.0,Poland,19.3,27.0,POL,95,93,0,6.44682503,1014.03820801,7.77364183861292,0,21680,0,10.96 ,20.7,1691.84160750055,0,87.0,92.0,91.0
PL,2020,76.5,80.7,72.5,76.0,Poland,0.0,0.0,POL,90,80,0,0,0,0,0,0,0,0,0.0,1685.24906560123,0,91.0,91.0,90.0
PL,2021,75.6,79.7,71.7,77.0,Poland,0.0,0.0,POL,0,0,0,0,0,0,0,0,0,0,0.0,0.0,0,0.0,0.0,0.0
PT,2010,80.1,83.2,76.8,83.0,Portugal,8.8,25.3,PRT,98,96,0,10.03250504,2259.30371094,4.81788677178018,161,3360,1052,11.26 ,17.4,1710.43342741605,17 ,97.0,96.0,97.0
PT,2011,80.7,83.8,77.3,78.0,Portugal,10.7,26.8,PRT,97,97,0,9.73071671,2255.96923828,4.72362922227151,0,3090,0,10.86 ,0.0,1688.21416739058,17.5 ,97.0,97.0,97.0
PT,2012,80.6,83.6,77.3,76.0,Portugal,9.2,22.1,PRT,98,97,0,9.65393162,1980.01867676,4.58589791923714,0,3100,0,9.76 ,0.0,1676.56340725661,18.1 ,98.0,99.0,98.0
PT,2013,80.9,84.0,77.6,77.0,Portugal,5.5,22.5,PRT,98,98,0,9.40486622,2030.63012695,4.45239436903052,0,3110,0,9.52 ,0.0,1689.0951715416,18.6 ,98.0,99.0,98.0
PT,2014,81.3,84.4,78.0,77.0,Portugal,10.0,19.3,PRT,98,98,0,9.34288025,2059.92651367,4.41589525234787,0,3240,0,10.2 ,0.0,1697.59072929647,19.2 ,98.0,99.0,98.0
PT,2015,81.3,84.3,78.1,78.0,Portugal,10.3,20.1,PRT,98,98,0,9.31645775,1790.53405762,4.81266969600543,0,3230,0,10.34 ,18.7,1696.65018832152,19.8 ,98.0,32.0,98.0
PT,2016,81.3,84.3,78.1,78.0,Portugal,10.1,18.2,PRT,98,98,0,9.39439583,1875.2421875,4.72231126749059,0,3170,0,10.37 ,0.0,1697.90306955148,20.3 ,98.0,0.0,98.0
PT,2017,81.6,84.6,78.4,77.0,Portugal,12.0,18.5,PRT,98,98,0,9.30583763,1998.06469727,5.17751927915252,0,3270,0,10.37 ,0.0,1690.19752930912,0,98.0,0.0,98.0
PT,2018,81.5,84.5,78.3,78.0,Portugal,10.8,18.8,PRT,99,99,0,9.4126482,2216.30664063,4.81338552923222,0,2950,0,10.37 ,19.7,1697.44862690842,0,99.0,0.0,98.0
PT,2019,81.9,84.8,78.7,79.0,Portugal,9.1,18.6,PRT,99,99,0,9.53145981,2221.43920898,4.33976842606964,0,2980,0,10.37 ,20.0,1698.80342495958,0,99.0,0.0,98.0
PT,2020,81.1,84.1,78.0,76.0,Portugal,0.0,0.0,PRT,99,99,0,0,0,0,0,0,0,0,0.0,1574.4852779917,0,99.0,0.0,99.0
PT,2021,81.2,84.3,78.0,75.0,Portugal,0.0,0.0,PRT,0,0,0,0,0,0,0,0,0,0,0.0,0.0,0,0.0,0.0,0.0
RO,2010,73.7,77.7,70.0,53.0,Romania,19.1,34.9,ROU,94,95,0,5.76614237,472.20751953,3.83367892977547,2,9190,758,10.01 ,21.6,0.0,19.7 ,94.0,99.0,98.0
RO,2011,74.4,78.2,70.8,55.0,Romania,19.5,39.1,ROU,89,93,0,4.70199966,426.59973145,4.17222388565951,0,9110,0,9.58 ,0.0,0.0,20 ,89.0,99.0,96.0
RO,2012,74.4,78.1,70.9,57.0,Romania,19.4,33.3,ROU,91,94,0,4.73353195,401.67105103,4.08065887182474,0,8380,0,9.66 ,0.0,0.0,20.3 ,92.0,99.0,96.0
RO,2013,75.1,78.7,71.6,55.0,Romania,15.5,28.1,ROU,92,92,0,5.19664145,495.23623657,3.60744114403132,0,8580,0,9.65 ,0.0,0.0,20.6 ,88.0,98.0,96.0
RO,2014,75.0,78.7,71.3,56.0,Romania,13.9,24.9,ROU,94,89,0,5.02168465,503.34753418,3.59335357757559,0,8310,0,9.48 ,0.0,0.0,20.9 ,94.0,98.0,94.0
RO,2015,74.9,78.6,71.4,57.0,Romania,17.1,27.7,ROU,89,86,0,4.94721556,442.24038696,3.70011205782471,0,8530,0,9.45 ,20.8,0.0,21.3 ,89.0,98.0,90.0
RO,2016,75.2,79.0,71.6,59.0,Romania,17.2,23.4,ROU,89,86,0,5.00346899,476.24505615,3.63359182666089,0,8630,0,9.57 ,0.0,0.0,21.6 ,89.0,84.0,90.0
RO,2017,75.2,79.0,71.6,63.0,Romania,20.4,26.6,ROU,82,86,0,5.1508317,555.11309814,3.78840567563889,0,8890,0,10.14 ,0.0,0.0,0,82.0,97.0,92.0
RO,2018,75.3,79.2,71.7,66.0,Romania,20.0,26.4,ROU,86,90,0,5.56050777,687.15411377,3.86105156993701,0,8950,0,10.96 ,20.4,0.0,0,86.0,96.0,93.0
RO,2019,75.6,79.5,71.9,70.0,Romania,16.4,25.6,ROU,88,90,0,5.74447823,738.5581665,3.81743447683141,0,8940,0,10.96 ,20.2,0.0,0,88.0,96.0,90.0
RO,2020,74.2,78.3,70.4,73.0,Romania,0.0,0.0,ROU,87,87,0,0,0,0,0,0,0,0,0.0,0.0,0,87.0,97.0,87.0
RO,2021,72.9,76.7,69.4,74.0,Romania,0.0,0.0,ROU,0,0,0,0,0,0,0,0,0,0,0.0,0.0,0,0.0,0.0,0.0
RS,2010,74.4,77.0,71.8,39.0,Serbia,0.0,0.0,SRB,91,95,0,9.52071667,545.33380127,6.45963270803187,0,4260,7204,8.87 ,39.1,0.0,18.2 ,91.0,99.0,89.0
RS,2011,74.6,77.2,72.0,40.0,Serbia,0.0,0.0,SRB,94,93,0,9.10749245,618.89422607,7.08173879597671,0,4380,0,8.55 ,0.0,0.0,18.6 ,94.0,99.0,94.0
RS,2012,74.9,77.5,72.3,40.0,Serbia,0.0,0.0,SRB,91,87,0,9.32176399,559.90539551,6.3605377349801,0,4880,0,8.78 ,0.0,0.0,19.1 ,93.0,98.0,97.0
RS,2013,75.3,77.9,72.6,41.0,Serbia,0.0,0.0,SRB,95,92,0,9.30588913,627.53302002,6.48648031899791,0,4890,0,7.94 ,0.0,0.0,19.6 ,97.0,97.0,91.0
RS,2014,75.4,78.0,72.8,40.0,Serbia,0.0,0.0,SRB,93,86,0,9.23958969,608.85858154,5.46379410085142,0,4140,0,7.19 ,0.0,0.0,20.1 ,93.0,98.0,92.0
RS,2015,75.3,77.9,72.8,39.0,Serbia,0.0,0.0,SRB,95,86,0,8.8132,491.25177002,6.39711758895163,0,3910,0,7.2 ,39.1,0.0,20.6 ,95.0,98.0,94.0
RS,2016,75.7,78.3,73.2,39.0,Serbia,0.0,0.0,SRB,92,82,0,8.4589138,486.42944336,6.60496913174049,0,4260,0,7.31 ,0.0,0.0,21.1 ,93.0,98.0,91.0
RS,2017,75.6,78.1,73.1,39.0,Serbia,0.0,0.0,SRB,95,86,0,8.22039318,515.84588623,6.7427656495243,0,3950,0,7.4 ,0.0,0.0,0,95.0,97.0,93.0
RS,2018,75.9,78.4,73.5,40.0,Serbia,0.0,0.0,SRB,96,92,0,8.5316782,617.08654785,6.60641804520422,0,3480,0,7.62 ,39.0,0.0,0,96.0,98.0,91.0
RS,2019,76.0,78.6,73.4,41.0,Serbia,0.0,0.0,SRB,97,87,0,8.67206478,641.02502441,6.61604693907974,0,3950,0,7.45 ,39.0,0.0,0,97.0,98.0,94.0
RS,2020,74.5,77.5,71.6,43.0,Serbia,0.0,0.0,SRB,92,78,0,0,0,0,0,0,0,0,0.0,0.0,0,92.0,98.0,87.0
RS,2021,0.0,0.0,0.0,44.0,Serbia,0.0,0.0,SRB,0,0,0,0,0,0,0,0,0,0,0.0,0.0,0,0.0,0.0,0.0
SE,2010,81.6,83.6,79.6,128.0,Sweden,7.4,14.0,SWE,98,97,0,8.31963825,4416.14550781,5.13215551466415,166,5430,1593,7.38 ,26.7,1483.01758914872,16.4 ,98.0,23.0,0.0
SE,2011,81.9,83.8,79.9,130.0,Sweden,7.8,16.0,SWE,98,97,0,10.41646767,6351.21679688,4.71785341605218,0,5190,0,7.31 ,0.0,1483.8625893551,16.7 ,98.0,23.0,29.0
SE,2012,81.8,83.6,79.9,130.0,Sweden,6.0,14.1,SWE,98,98,0,10.73515224,6254.44238281,4.42676161159845,0,5110,0,7.23 ,0.0,1471.37194201233,16.9 ,98.0,24.0,30.0
SE,2013,82.0,83.8,80.2,128.0,Sweden,5.2,14.9,SWE,98,97,0,10.9049139,6696.87207031,4.22275005138102,0,5140,0,7.32 ,0.0,1462.89289906718,17.2 ,98.0,27.0,35.0
SE,2014,82.3,84.2,80.4,127.0,Sweden,7.4,13.5,SWE,97,97,0,10.9479475,6605.91162109,4.0304825162931,0,5350,0,7.2 ,0.0,1464.35975425907,17.5 ,97.0,26.0,42.0
SE,2015,82.2,84.1,80.4,128.0,Sweden,6.1,12.2,SWE,98,98,0,10.80418396,5598.68164063,3.99931163942689,0,5440,0,7.13 ,22.1,1465.87117288071,17.8 ,98.0,24.0,53.0
SE,2016,82.4,84.1,80.6,124.0,Sweden,5.6,12.3,SWE,98,97,0,10.85240364,5680.72558594,3.90805871150926,0,5460,0,7.15 ,0.0,1478.11109158103,18.1 ,98.0,26.0,67.0
SE,2017,82.5,84.1,80.8,122.0,Sweden,5.4,11.8,SWE,97,97,0,10.78509998,5837.77050781,3.8070342652491,0,5660,0,7.04 ,0.0,1466.70910516774,0,97.0,25.0,76.0
SE,2018,82.6,84.3,80.9,120.0,Sweden,6.2,13.1,SWE,97,97,0,10.94106293,6005.06591797,3.53899174224082,0,5440,0,7.2 ,19.6,1466.18058667684,0,97.0,26.0,92.0
SE,2019,83.2,84.8,81.5,119.0,Sweden,5.8,12.3,SWE,98,97,0,10.86749268,5671.38574219,3.4050379189887,0,5640,0,7.1 ,19.0,1453.42360181864,0,98.0,25.0,97.0
SE,2020,82.4,84.2,80.6,122.0,Sweden,0.0,0.0,SWE,97,97,0,0,0,0,0,0,0,0,0.0,1426.15544289783,0,97.0,26.0,97.0
SE,2021,83.2,85.0,81.4,123.0,Sweden,0.0,0.0,SWE,0,0,0,0,0,0,0,0,0,0,0.0,0.0,0,0.0,0.0,0.0
SI,2010,79.8,83.1,76.4,85.0,Slovenia,21.8,28.2,SVN,96,95,0,8.56503296,2017.14660645,7.70288522992293,2,820,539,10.33 ,21.3,1636.0,16.8 ,96.0,0.0,0.0
SI,2011,80.1,83.3,76.8,84.0,Slovenia,24.1,31.0,SVN,96,96,0,8.53639603,2147.80517578,7.64793011899356,0,830,0,10.61 ,0.0,1622.0,17.2 ,96.0,0.0,0.0
SI,2012,80.3,83.3,77.1,83.0,Slovenia,20.4,25.4,SVN,96,95,0,8.71509933,1974.85400391,7.34994226773871,0,820,0,10.95 ,0.0,1600.0,17.6 ,96.0,0.0,0.0
SI,2013,80.5,83.6,77.2,83.0,Slovenia,20.1,24.9,SVN,95,94,0,8.74028301,2055.38134766,7.06326804093826,0,790,0,9.53 ,0.0,1619.0,18.1 ,95.0,0.0,0.0
SI,2014,81.2,84.1,78.2,83.0,Slovenia,17.5,22.5,SVN,95,94,0,8.50197506,2062.38476563,6.35796644811162,0,790,0,10.92 ,0.0,1633.0,18.5 ,95.0,0.0,0.0
SI,2015,80.9,83.9,77.8,83.0,Slovenia,21.6,27.7,SVN,95,94,0,8.49823952,1775.86083984,6.36772616613116,0,800,0,11.49 ,20.4,1644.0,18.9 ,95.0,0.0,0.0
SI,2016,81.2,84.3,78.2,84.0,Slovenia,21.6,25.6,SVN,94,92,0,8.4630394,1835.40734863,6.73109777841337,0,810,0,10.51 ,0.0,1603.0,19.4 ,94.0,0.0,0.0
SI,2017,81.2,84.0,78.2,86.0,Slovenia,19.7,24.8,SVN,94,93,0,8.18522835,1925.03479004,6.83317938623293,0,810,0,10.12 ,0.0,1576.0,0,94.0,0.0,0.0
SI,2018,81.5,84.4,78.5,87.0,Slovenia,18.3,24.1,SVN,93,93,0,8.27940369,2169.57910156,6.78433887885504,0,810,0,9.99 ,20.0,1559.0,0,93.0,0.0,0.0
SI,2019,81.6,84.5,78.7,89.0,Slovenia,15.3,20.4,SVN,95,94,0,8.52386475,2219.10058594,6.51220937780615,0,810,0,11.05 ,19.8,1557.0,0,95.0,0.0,0.0
SI,2020,80.6,83.4,77.8,89.0,Slovenia,0.0,0.0,SVN,95,94,0,0,0,0,0,0,0,0,0.0,1474.0,0,95.0,0.0,0.0
SI,2021,80.9,84.0,77.9,90.0,Slovenia,0.0,0.0,SVN,0,0,0,0,0,0,0,0,0,0,0.0,0.0,0,0.0,0.0,0.0
SK,2010,75.6,79.3,71.8,77.0,Slovakia,22.8,29.6,SVK,0,0,0,0,0,0,0,0,0,0,0.0,0.0,0,0.0,0.0,0.0
SK,2011,76.1,79.8,72.3,76.0,Slovakia,26.7,34.4,SVK,0,0,0,0,0,0,0,0,0,0,0.0,0.0,0,0.0,0.0,0.0
SK,2012,76.3,79.9,72.5,77.0,Slovakia,22.7,28.9,SVK,0,0,0,0,0,0,0,0,0,0,0.0,0.0,0,0.0,0.0,0.0
SK,2013,76.6,80.1,72.9,78.0,Slovakia,0.0,0.0,SVK,0,0,0,0,0,0,0,0,0,0,0.0,0.0,0,0.0,0.0,0.0
SK,2014,77.0,80.5,73.3,78.0,Slovakia,18.0,24.5,SVK,0,0,0,0,0,0,0,0,0,0,0.0,0.0,0,0.0,0.0,0.0
SK,2015,76.7,80.2,73.1,79.0,Slovakia,19.0,23.9,SVK,0,0,0,0,0,0,0,0,0,0,0.0,0.0,0,0.0,0.0,0.0
SK,2016,77.3,80.7,73.8,73.0,Slovakia,14.7,20.7,SVK,0,0,0,0,0,0,0,0,0,0,0.0,0.0,0,0.0,0.0,0.0
SK,2017,77.3,80.7,73.8,71.0,Slovakia,17.5,24.2,SVK,0,0,0,0,0,0,0,0,0,0,0.0,0.0,0,0.0,0.0,0.0
SK,2018,77.4,80.8,73.9,70.0,Slovakia,16.9,24.8,SVK,0,0,0,0,0,0,0,0,0,0,0.0,0.0,0,0.0,0.0,0.0
SK,2019,77.8,81.2,74.3,71.0,Slovakia,13.8,21.0,SVK,0,0,0,0,0,0,0,0,0,0,0.0,0.0,0,0.0,0.0,0.0
SK,2020,77.0,80.4,73.5,72.0,Slovakia,0.0,0.0,SVK,0,0,0,0,0,0,0,0,0,0,0.0,0.0,0,0.0,0.0,0.0
SK,2021,74.8,78.3,71.3,69.0,Slovakia,0.0,0.0,SVK,0,0,0,0,0,0,0,0,0,0,0.0,0.0,0,0.0,0.0,0.0
TR,2010,76.8,79.4,74.2,53.0,Turkey,0.0,0.0,TUR,0,0,0,0,0,0,0,0,0,0,0.0,0.0,0,0.0,0.0,0.0
TR,2011,77.1,79.8,74.4,57.0,Turkey,0.0,0.0,TUR,0,0,0,0,0,0,0,0,0,0,0.0,0.0,0,0.0,0.0,0.0
TR,2012,77.6,80.5,74.8,59.0,Turkey,0.0,0.0,TUR,0,0,0,0,0,0,0,0,0,0,0.0,0.0,0,0.0,0.0,0.0
TR,2013,78.2,81.1,75.4,62.0,Turkey,0.0,0.0,TUR,0,0,0,0,0,0,0,0,0,0,0.0,0.0,0,0.0,0.0,0.0
TR,2014,78.1,80.9,75.4,65.0,Turkey,0.0,0.0,TUR,0,0,0,0,0,0,0,0,0,0,0.0,0.0,0,0.0,0.0,0.0
TR,2015,78.2,81.0,75.4,68.0,Turkey,0.0,0.0,TUR,0,0,0,0,0,0,0,0,0,0,0.0,0.0,0,0.0,0.0,0.0
TR,2016,78.1,81.0,75.4,66.0,Turkey,0.0,0.0,TUR,0,0,0,0,0,0,0,0,0,0,0.0,0.0,0,0.0,0.0,0.0
TR,2017,78.5,81.3,75.7,66.0,Turkey,0.0,0.0,TUR,0,0,0,0,0,0,0,0,0,0,0.0,0.0,0,0.0,0.0,0.0
TR,2018,78.9,81.6,76.2,63.0,Turkey,0.0,0.0,TUR,0,0,0,0,0,0,0,0,0,0,0.0,0.0,0,0.0,0.0,0.0
TR,2019,79.1,81.8,76.4,59.0,Turkey,0.0,0.0,TUR,0,0,0,0,0,0,0,0,0,0,0.0,0.0,0,0.0,0.0,0.0
TR,2020,0.0,0.0,0.0,61.0,Turkey,0.0,0.0,TUR,0,0,0,0,0,0,0,0,0,0,0.0,0.0,0,0.0,0.0,0.0
TR,2021,0.0,0.0,0.0,63.0,Turkey,0.0,0.0,TUR,0,0,0,0,0,0,0,0,0,0,0.0,0.0,0,0.0,0.0,0.0
UK,2010,80.6,82.6,78.6,111.0,United Kingdom,13.6,17.8,GBR,94,89,0,9.83532333,3904.50708008,7.68628233356203,557,29010,13279,0,0.0,1470.68975819232,0,0.0,0.0,0.0
UK,2011,81.0,83.0,79.0,108.0,United Kingdom,14.6,21.7,GBR,95,90,0,9.84848499,4156.57714844,7.04391999055769,0,28050,0,0,0.0,1481.98827105935,0,0.0,0.0,0.0
UK,2012,81.0,82.8,79.1,110.0,United Kingdom,13.2,18.3,GBR,95,92,0,9.91419888,4222.08496094,7.34346028155944,0,27660,0,0,0.0,1500.75525719473,0,0.0,0.0,0.0
UK,2013,81.1,82.9,79.2,111.0,United Kingdom,12.9,17.9,GBR,95,93,0,9.97566223,4344.66845703,7.07581833313404,0,27670,0,0,0.0,1504.71171064181,0,0.0,0.0,0.0
UK,2014,81.4,83.2,79.5,111.0,United Kingdom,12.8,17.7,GBR,95,93,0,9.95041275,4740.11035156,6.4332077800625,0,28470,0,0,0.0,1511.55682689085,0,0.0,0.0,0.0
UK,2015,81.0,82.8,79.2,111.0,United Kingdom,10.0,17.2,GBR,95,93,0,9.90072441,4477.28564453,6.15944833302231,0,28360,0,0,0.0,1496.47847789237,0,0.0,0.0,0.0
UK,2016,81.2,83.0,79.4,109.0,United Kingdom,10.4,17.6,GBR,94,92,0,9.87313271,4067.17578125,5.80400475200463,0,28100,0,0,0.0,1512.78599892733,0,0.0,0.0,0.0
UK,2017,81.3,83.1,79.5,107.0,United Kingdom,9.9,15.6,GBR,94,92,0,9.80787468,3966.05834961,5.55565151375079,0,28370,0,0,0.0,1508.98083943803,0,0.0,0.0,0.0
UK,2018,81.3,83.1,79.5,105.0,United Kingdom,10.1,15.5,GBR,94,92,0,9.90384102,4270.22119141,5.42774817696291,0,28130,0,0,0.0,1510.4689121158,0,0.0,0.0,0.0
UK,2019,0.0,0.0,0.0,104.0,United Kingdom,10.2,15.3,GBR,93,91,0,10.15402699,4312.88916016,5.22051448799294,0,28370,0,0,0.0,1513.03646807871,0,0.0,0.0,0.0
UK,2020,0.0,0.0,0.0,100.0,United Kingdom,0.0,0.0,GBR,93,91,0,0,0,0,0,0,0,0,0.0,1364.63930304438,0,0.0,0.0,0.0
UK,2021,0.0,0.0,0.0,102.0,United Kingdom,0.0,0.0,GBR,0,0,0,0,0,0,0,0,0,0,0.0,0.0,0,0.0,0.0,0.0
