country,LocCode,time_period,dpt,measles,tetanus,co2_metric_tons_per_capita,sf6_metric_tons,nitrous_oxide_metric_tons,hfc_metric_tons,"Total alcohol consumption per capita (liters of pure alcohol, projected estimates, 15+ years of age)",life_expectancy_total,life_expectancy_female,life_expectancy_male,alcohol,tobacco,working_hours,bmi_over30,pm2_5,polio,bcg,hepb
Albania,ALB,2000,97,95,86,1.026213108529,0,1180,15.5,6.57,75.404,78.419,72.646,3.92 ,10.9,0.0,11.7 ,0,0.0,93.0,96.0
Austria,AUT,2000,81,75,0,7.92978551259517,294.4,4660,1018.4,13.12,78.1268292682927,81.2,75.2,13.35 ,47.8,1542.0,13.5 ,0,0.0,0.0,33.0
Belgium,BEL,2000,95,82,0,11.4395805389587,131.7,7680,997.7,12.49,77.7219512195122,81,74.6,11.21 ,27.7,1459.0,16.3 ,0,0.0,0.0,60.0
Bulgaria,BGR,2000,93,89,0,5.31445360024244,0,3710,103.1,11.8,71.6634146341463,75.3,68.2,10.26 ,35.8,0.0,17.1 ,0,0.0,98.0,94.0
Croatia,HRV,2000,93,93,0,4.03732782609591,0,2390,16.3,12.45,72.8078048780488,76.68,69.12,13.24 ,27.1,0.0,15.7 ,0,0.0,98.0,0.0
Cyprus,CYP,2000,97,86,0,7.51921724210298,0,360,78.4,10.86,76.568,78.552,74.601,9.56 ,21.1,0.0,15 ,0,0.0,0.0,89.0
Czechia,CZE,2000,98,97,0,12.0106526893106,13,5530,399.5,15,74.9682926829268,78.4,71.7,13.9 ,28.2,0.0,19.4 ,0,0.0,98.0,0.0
Denmark,DNK,2000,97,99,0,9.85089564493027,81.4,6440,662.2,12.67,76.5926829268293,79,74.3,11.68 ,34.1,1421.21421889983,13.2 ,0,0.0,0.0,0.0
Estonia,EST,2000,93,93,0,10.6801433086254,2,1220,7.8,9.57,70.4170731707317,76,65.1,9.03 ,30.1,1836.0,14.3 ,0,0.0,99.0,0.0
Finland,FIN,2000,99,96,0,10.6448561099446,113.9,5960,378.2,11.69,77.4658536585366,81,74.1,8.88 ,24.7,1571.0,16.1 ,0,0.0,99.0,0.0
France,FRA,2000,97,84,0,6.12461463449353,2428.5,49090,9406.4,14.08,79.0560975609756,83,75.3,13.92 ,29.8,1443.93132198728,14.8 ,0,0.0,83.0,26.0
Germany,DEU,2000,90,92,0,10.0993160227641,5580.4,43660,11277.6,14.16,77.9268292682927,81,75,12.91 ,31.6,1377.06908059403,15.8 ,0,0.0,0.0,84.0
Greece,GRC,2000,89,89,0,8.74159526062281,131.8,6390,2368.4,10.18,77.8878048780488,80.5,75.4,8.6 ,43.8,1767.41684139173,16 ,0,0.0,0.0,89.0
Hungary,HUN,2000,99,99,0,5.35012781840238,25.2,6940,428.2,14.27,71.2463414634146,75.6,67.1,12.23 ,31.6,1774.78819826745,19.1 ,0,0.0,99.0,0.0
Iceland,ISL,2000,98,91,0,7.93015771412315,17.9,380,22.3,7.03,79.6536585365854,81.6,77.8,6.14 ,27.6,1696.0,15.7 ,0,0.0,0.0,0.0
Ireland,IRL,2000,86,79,0,11.1768870490548,76.5,10610,416.3,15.13,76.5365853658537,79.2,74,13.84 ,35.2,1874.86535398871,15.4 ,0,0.0,89.0,0.0
Italy,ITA,2000,87,74,0,7.66216803916005,1268.5,26670,7099.5,10.37,79.7780487804878,82.8,76.9,9.78 ,19.7,1850.2,14 ,0,0.0,0.0,94.0
Latvia,LVA,2000,96,97,0,2.92707651369559,0,1440,190,8.76,70.3146341463415,76,64.9,7.13 ,26.3,1829.90733986352,15 ,0,0.0,99.0,95.0
Lithuania,LTU,2000,94,97,0,3.00325528870113,0,4680,164.5,13.36,72.0195121951219,77.5,66.8,9.87 ,24.8,1627.17868657037,17.3 ,0,0.0,99.0,98.0
Luxembourg,LUX,2000,99,93,0,19.6195278478111,0,260,51.1,14.32,77.8731707317073,81.1,74.8,13.21 ,25.5,1605.0,15.7 ,0,0.0,0.0,77.0
Malta,MLT,2000,94,74,0,5.46032039006683,0,60,50,5.72,78.3487804878049,80.5,76.3,5.94 ,26.4,0.0,21.2 ,0,0.0,0.0,0.0
Netherlands,NLD,2000,97,96,0,10.1786360037507,283,14320,6200.4,11.08,77.9878048780488,80.6,75.5,10.13 ,31.7,1403.0,12 ,0,0.0,0.0,0.0
North Macedonia,MKD,2000,95,97,0,4.32304389666148,0,690,51.8,7.31,72.9463414634147,75.2,70.8,0,0.0,0.0,0,0,0.0,0.0,0.0
Norway,NOR,2000,90,88,0,7.63532664568678,983.2,4720,162.3,7.95,78.6341463414634,81.4,76,5.67 ,43.3,1448.1,15 ,0,0.0,0.0,0.0
Poland,POL,2000,98,97,0,7.73080499042451,189.8,22970,667.2,9.17,73.7487804878049,78,69.7,8.4 ,33.6,1775.49451032424,16 ,0,0.0,96.0,99.0
Portugal,PRT,2000,96,87,0,5.99228486035527,128,4000,352.7,14.08,76.3146341463415,79.9,72.9,12.77 ,14.9,1714.92782418074,12 ,0,0.0,82.0,58.0
Romania,ROU,2000,99,98,0,3.96649801846645,2,10520,118.2,17.45,71.1634146341463,74.8,67.7,9 ,23.3,0.0,15 ,0,0.0,99.0,98.0
Serbia,SRB,2000,95,89,0,5.85257783502782,0,3750,1662,0,71.5829268292683,74.4,68.9,0,39.1,0.0,13.7 ,0,0.0,85.0,0.0
Slovak Republic,SVK,2000,99,98,0,7.06475749343072,0,2570,109.3,12.47,73.0512195121951,77.2,69.1,0,0.0,1737.95501655304,0,0,0.0,0.0,0.0
Slovenia,SVN,2000,91,95,0,7.31048179292834,2,860,144.1,12.6,75.4121951219512,79.1,71.9,12.8 ,23.1,1606.0,13 ,0,0.0,98.0,0.0
Spain,ESP,2000,95,94,0,7.23010706208244,2456.5,23760,3296.8,12.43,78.9658536585366,82.5,75.6,11.61 ,29.0,1705.0,17.3 ,0,0.0,0.0,77.0
Sweden,SWE,2000,99,91,0,6.00533649890911,194,5840,568.8,8.53,79.6439024390244,82,77.4,6.2 ,38.9,1485.59549958848,13.9 ,0,0.0,16.0,0.0
Switzerland,CHE,2000,93,82,0,6.08414239482201,293.1,2550,848.2,12.49,79.6804878048781,82.6,76.9,11.26 ,23.7,1712.7,12.8 ,0,0.0,0.0,0.0
Turkiye,TUR,2000,85,87,50,3.37526170561114,989.2,26520,994.4,2.41,71.861,75.274,68.582,0,0.0,0.0,0,0,0.0,0.0,0.0
United Kingdom,GBR,2000,91,88,0,9.01455828494603,1154.1,36050,6332.5,13.73,77.7414634146342,80.2,75.4,0,0.0,1516.78665886216,0,0,0.0,0.0,0.0
Albania,ALB,2001,97,95,83,1.05549588209555,0,1140,0,0,75.639,78.618,72.921,4.51 ,0.0,0.0,12.1 ,0,0.0,93.0,96.0
Austria,AUT,2001,84,79,0,8.44410916140459,0,4550,0,0,78.5756097560976,81.7,75.6,12.35 ,0.0,1534.0,13.8 ,0,0.0,0.0,44.0
Belgium,BEL,2001,95,82,0,11.5043206822099,0,7470,0,0,77.9731707317073,81.2,74.9,11.01 ,0.0,1454.0,16.7 ,0,0.0,0.0,60.0
Bulgaria,BGR,2001,94,90,0,5.76715957839179,0,3920,0,0,71.7682926829268,75.2,68.5,11.07 ,0.0,0.0,17.6 ,0,0.0,98.0,93.0
Croatia,HRV,2001,94,94,0,4.46548805691265,0,2210,0,0,74.5129268292683,78.17,71.03,13.69 ,0.0,0.0,16.1 ,0,0.0,97.0,0.0
Cyprus,CYP,2001,97,86,0,7.24479960200243,0,380,0,0,76.989,79.02,74.977,10.16 ,0.0,0.0,15.5 ,0,0.0,0.0,89.0
Czechia,CZE,2001,98,97,0,12.0118180158673,0,5870,0,0,75.1731707317073,78.4,72.1,13.64 ,0.0,0.0,19.8 ,0,0.0,98.0,0.0
Denmark,DNK,2001,97,94,0,10.1235672353219,0,6260,0,0,76.7926829268293,79.2,74.5,11.54 ,0.0,1426.84311323121,13.4 ,0,0.0,0.0,0.0
Estonia,EST,2001,94,95,0,11.0797736498777,0,1200,0,0,70.2585365853659,76.2,64.6,10.1 ,0.0,1838.0,14.6 ,0,0.0,99.0,0.0
Finland,FIN,2001,98,96,0,11.7752324206131,0,5860,0,0,77.9658536585366,81.5,74.6,8.94 ,0.0,1561.0,16.4 ,0,0.0,99.0,0.0
France,FRA,2001,97,85,0,6.13892838326441,0,49840,0,0,79.1585365853659,83,75.5,14.15 ,0.0,1427.98681597296,15.2 ,0,0.0,84.0,28.0
Germany,DEU,2001,93,94,0,10.2936341472078,0,45320,0,0,78.3292682926829,81.3,75.5,12.46 ,0.0,1371.72532931458,16.1 ,0,0.0,0.0,86.0
Greece,GRC,2001,91,91,0,8.89420235364475,0,6120,0,0,78.3878048780488,81,75.9,8.75 ,0.0,1764.79118610967,16.5 ,0,0.0,0.0,90.0
Hungary,HUN,2001,99,99,0,5.52437596539157,0,7460,0,0,72.2487804878049,76.5,68.2,13.18 ,0.0,1755.32892408495,19.5 ,0,0.0,99.0,0.0
Iceland,ISL,2001,92,88,0,7.57979843350832,0,350,0,0,80.690243902439,83.2,78.3,6.32 ,0.0,1707.0,15.9 ,0,0.0,0.0,0.0
Ireland,IRL,2001,84,73,0,11.5926495049587,0,10380,0,0,77.1341463414634,79.9,74.5,14.04 ,0.0,1865.94477531132,15.9 ,0,0.0,89.0,0.0
Italy,ITA,2001,93,77,0,7.66260458699655,0,25550,0,0,80.1268292682927,83.2,77.2,9.68 ,0.0,1837.6,14.4 ,0,0.0,0.0,95.0
Latvia,LVA,2001,97,98,0,3.14910768151226,0,1520,0,0,70.7609756097561,76.6,65.2,6.68 ,0.0,1835.57058233367,15.4 ,0,0.0,99.0,96.0
Lithuania,LTU,2001,95,97,0,3.21249918607083,0,4740,0,0,71.6585365853659,77.6,66,10.2 ,0.0,1616.66733830664,17.6 ,0,0.0,99.0,95.0
Luxembourg,LUX,2001,99,94,0,20.6556820112111,0,260,0,0,77.8243902439025,81,74.8,13.1 ,0.0,1591.84952255009,16 ,0,0.0,0.0,86.0
Malta,MLT,2001,95,70,0,6.33542648360931,0,60,0,0,78.8439024390244,81.2,76.6,5.99 ,0.0,0.0,21.7 ,0,0.0,0.0,0.0
Netherlands,NLD,2001,97,95,0,10.414939879772,0,13680,0,0,78.190243902439,80.7,75.8,9.82 ,0.0,1398.0,12.4 ,0,0.0,0.0,0.0
North Macedonia,MKD,2001,91,92,0,4.38354656437081,0,620,0,0,73.4365853658537,76.1,70.9,0,0.0,0.0,0,0,0.0,0.0,0.0
Norway,NOR,2001,91,90,0,7.69205035900297,0,4650,0,0,78.7853658536585,81.5,76.2,5.49 ,0.0,1424.0,15.6 ,0,0.0,0.0,0.0
Poland,POL,2001,98,97,0,7.67698746467665,0,22800,0,0,74.2,78.4,70.2,7.74 ,0.0,1778.18197390385,16.4 ,0,0.0,95.0,95.0
Portugal,PRT,2001,97,90,0,5.92315416740891,0,3700,0,0,76.8146341463415,80.4,73.4,12.63 ,0.0,1705.54076235886,12.5 ,0,0.0,82.0,70.0
Romania,ROU,2001,99,98,0,4.30282527944869,0,10250,0,0,71.1609756097561,74.9,67.6,12.07 ,0.0,0.0,15.4 ,0,0.0,99.0,98.0
Serbia,SRB,2001,93,90,0,5.99725485654366,0,4280,0,0,72.2341463414634,75,69.6,0,0.0,0.0,14.1 ,0,0.0,88.0,0.0
Slovak Republic,SVK,2001,99,99,0,7.17251421163602,0,2760,0,0,73.4024390243903,77.5,69.5,0,0.0,1722.45725968506,0,0,0.0,0.0,0.0
Slovenia,SVN,2001,92,94,0,7.7206509844081,0,870,0,0,75.7585365853659,79.6,72.1,11.58 ,0.0,1584.0,13.4 ,0,0.0,98.0,0.0
Spain,ESP,2001,96,96,0,7.21632868721128,0,23370,0,0,79.3682926829268,82.8,76.1,12.01 ,0.0,1714.0,17.7 ,0,0.0,0.0,83.0
Sweden,SWE,2001,99,94,0,5.90155531274871,0,5560,0,0,79.7951219512195,82.1,77.6,6.5 ,0.0,1464.50008655287,14.1 ,0,0.0,16.0,0.0
Switzerland,CHE,2001,93,82,0,6.24493938605123,0,2590,0,0,80.1804878048781,83.1,77.4,11.12 ,0.0,1672.8,13.1 ,0,0.0,0.0,0.0
Turkiye,TUR,2001,88,91,52,3.03924799135628,0,23950,0,0,72.231,75.623,68.957,0,0.0,0.0,0,0,0.0,0.0,0.0
United Kingdom,GBR,2001,91,85,0,9.22298741402037,0,34650,0,0,77.9926829268293,80.4,75.7,0,0.0,1519.49520646727,0,0,0.0,0.0,0.0
Albania,ALB,2002,98,96,80,1.23237878291558,0,1290,0,0,75.89,78.823,73.22,3.96 ,0.0,0.0,12.6 ,0,0.0,94.0,96.0
Austria,AUT,2002,83,78,0,8.58331747454014,0,4470,0,0,78.6780487804878,81.7,75.8,12.09 ,0.0,1530.0,14.1 ,0,0.0,0.0,81.0
Belgium,BEL,2002,95,82,0,10.7279884826909,0,7960,0,0,78.0756097560976,81.2,75.1,11.29 ,0.0,1460.0,17.1 ,0,0.0,0.0,60.0
Bulgaria,BGR,2002,93,92,0,5.5632388404578,0,4330,0,0,71.8658536585366,75.4,68.5,10.8 ,0.0,0.0,18.1 ,0,0.0,98.0,88.0
Croatia,HRV,2002,95,95,0,4.71389597134972,0,2400,0,0,74.7173170731707,78.4,71.21,13.88 ,0.0,0.0,16.6 ,0,0.0,99.0,0.0
Cyprus,CYP,2002,98,86,0,7.29998358399048,0,400,0,0,77.487,79.635,75.37,11.68 ,0.0,0.0,15.9 ,0,0.0,0.0,88.0
Czechia,CZE,2002,98,98,0,11.6241026972564,0,4900,0,0,75.2219512195122,78.5,72.1,13.77 ,0.0,0.0,20.2 ,0,0.0,97.0,86.0
Denmark,DNK,2002,98,95,0,10.0150095216229,0,6100,0,0,76.8951219512195,79.2,74.7,11.32 ,0.0,1416.61268669663,13.7 ,0,0.0,0.0,0.0
Estonia,EST,2002,94,95,0,10.8384382566173,0,1190,0,0,70.9048780487805,77,65.1,12.16 ,0.0,1837.0,15 ,0,0.0,99.0,0.0
Finland,FIN,2002,98,96,0,12.1985968972624,0,6050,0,0,78.119512195122,81.5,74.9,9.25 ,0.0,1556.0,16.7 ,0,0.0,99.0,0.0
France,FRA,2002,97,86,0,6.00198305535196,0,47360,0,0,79.2609756097561,83,75.7,13.92 ,0.0,1399.15586925468,15.6 ,0,0.0,85.0,29.0
Germany,DEU,2002,93,94,0,10.1029847239038,0,45120,0,0,78.2292682926829,81.2,75.4,12.25 ,0.0,1364.22814852264,16.3 ,0,0.0,0.0,87.0
Greece,GRC,2002,92,92,0,8.8607414729232,0,6160,0,0,78.6414634146341,81.1,76.3,8.22 ,0.0,1759.73298788597,16.9 ,0,0.0,0.0,91.0
Hungary,HUN,2002,99,99,0,5.47319066491404,0,6370,0,0,72.3487804878049,76.6,68.3,13.28 ,0.0,1741.71005818039,20 ,0,0.0,99.0,0.0
Iceland,ISL,2002,95,91,0,7.79068112650724,0,360,0,0,80.5024390243903,82.5,78.6,6.53 ,0.0,1672.0,16.2 ,0,0.0,0.0,0.0
Ireland,IRL,2002,83,73,0,11.1725820071267,0,10680,0,0,77.6341463414634,80.4,75,13.95 ,0.0,1843.71469701124,16.5 ,0,0.0,90.0,0.0
Italy,ITA,2002,93,81,0,7.77212966956651,0,26310,0,0,80.2292682926829,83.2,77.4,9.25 ,0.0,1826.2,14.7 ,0,0.0,0.0,95.0
Latvia,LVA,2002,97,98,0,3.18157986637043,0,1520,0,0,70.9609756097561,76.8,65.4,7.44 ,0.0,1825.2802530365,15.7 ,0,0.0,99.0,98.0
Lithuania,LTU,2002,95,98,0,3.25872260604537,0,4990,0,0,71.7609756097561,77.6,66.2,11 ,0.0,1596.19428677208,18 ,0,0.0,99.0,94.0
Luxembourg,LUX,2002,99,94,0,22.0093005991466,0,340,0,0,77.9658536585366,81.5,74.6,12.88 ,0.0,1588.85237330545,16.3 ,0,0.0,0.0,95.0
Malta,MLT,2002,95,65,0,5.85904435257003,0,60,0,0,78.7390243902439,81.3,76.3,6.12 ,0.0,0.0,22.2 ,0,0.0,0.0,0.0
Netherlands,NLD,2002,97,95,0,10.3678697624951,0,13140,0,0,78.2926829268293,80.7,76,9.72 ,0.0,1385.0,13 ,0,0.0,0.0,0.0
North Macedonia,MKD,2002,96,98,0,4.14324227550585,0,580,0,0,73.0390243902439,75.6,70.6,0,0.0,0.0,0,0,0.0,0.0,0.0
Norway,NOR,2002,93,87,0,7.57355547301996,0,4860,0,0,78.9878048780488,81.6,76.5,5.89 ,0.0,1411.8,16.1 ,0,0.0,0.0,0.0
Poland,POL,2002,99,98,0,7.51549232762259,0,22320,0,0,74.4975609756098,78.8,70.4,8.02 ,0.0,1767.05588515521,16.9 ,0,0.0,95.0,98.0
Portugal,PRT,2002,98,93,0,6.29580821759629,0,4110,0,0,77.0658536585366,80.6,73.7,12.5 ,0.0,1700.00203617501,13 ,0,0.0,81.0,82.0
Romania,ROU,2002,98,98,0,4.31375325550643,0,9280,0,0,71.009756097561,74.8,67.4,13.15 ,0.0,0.0,15.8 ,0,0.0,99.0,99.0
Serbia,SRB,2002,95,92,0,6.48033872655275,0,4260,0,0,72.2853658536585,75,69.7,0,0.0,0.0,14.5 ,0,0.0,91.0,0.0
Slovak Republic,SVK,2002,99,99,0,7.08027203994118,0,2750,0,0,73.6048780487805,77.6,69.8,0,0.0,1672.50396762201,0,0,0.0,0.0,0.0
Slovenia,SVN,2002,93,93,0,7.78128203524825,0,850,0,0,76.0073170731707,79.9,72.3,9.87 ,0.0,1623.0,13.7 ,0,0.0,97.0,0.0
Spain,ESP,2002,98,97,0,7.54859375551361,0,23010,0,0,79.5682926829268,83,76.3,10.41 ,0.0,1718.0,18.2 ,0,0.0,0.0,82.0
Sweden,SWE,2002,99,95,0,6.05268959896099,0,5510,0,0,79.8463414634146,82.1,77.7,6.88 ,0.0,1443.66342756516,14.4 ,0,0.0,16.0,0.0
Switzerland,CHE,2002,93,82,0,5.98098517476491,0,2480,0,0,80.3853658536585,83.1,77.8,10.85 ,0.0,1651.3,13.3 ,0,0.0,0.0,0.0
Turkiye,TUR,2002,78,83,52,3.15372355112502,0,24310,0,0,72.579,75.944,69.318,0,0.0,0.0,0,0,0.0,0.0,0.0
United Kingdom,GBR,2002,91,85,0,8.94030142534885,0,32630,0,0,78.1439024390244,80.5,75.9,0,0.0,1505.95246844171,0,0,0.0,0.0,0.0
Albania,ALB,2003,97,93,81,1.3389849808862,0,1300,0,0,76.142,79.057,73.499,4.33 ,0.0,0.0,13.2 ,0,0.0,95.0,97.0
Austria,AUT,2003,84,79,0,9.16834390776994,0,4480,0,0,78.6317073170732,81.5,75.9,12.31 ,0.0,1523.0,14.4 ,0,0.0,0.0,83.0
Belgium,BEL,2003,95,82,0,11.1313145272907,0,7200,0,0,78.1292682926829,81.1,75.3,11.28 ,0.0,1469.0,17.5 ,0,0.0,0.0,64.0
Bulgaria,BGR,2003,96,96,0,6.16437100396881,0,4440,0,0,72.0658536585366,75.6,68.7,10.92 ,0.0,0.0,18.5 ,0,0.0,98.0,96.0
Croatia,HRV,2003,94,94,0,5.02161212807634,0,2300,0,0,74.6139024390244,78.23,71.17,12.99 ,0.0,0.0,17.1 ,0,0.0,98.0,0.0
Cyprus,CYP,2003,98,86,0,7.82726038257215,0,400,0,0,77.788,79.992,75.621,10.62 ,0.0,0.0,16.3 ,0,0.0,0.0,88.0
Czechia,CZE,2003,97,97,0,12.0433608720608,0,4980,0,0,75.1707317073171,78.5,72,13.87 ,0.0,0.0,20.6 ,0,0.0,98.0,92.0
Denmark,DNK,2003,96,96,0,10.9876980711583,0,6250,0,0,77.1439024390244,79.5,74.9,11.53 ,0.0,1413.02433157771,13.9 ,0,0.0,0.0,0.0
Estonia,EST,2003,94,95,0,12.3584689316984,0,1230,0,0,71.3170731707317,76.9,66,11.64 ,0.0,1850.0,15.3 ,0,0.0,99.0,0.0
Finland,FIN,2003,98,97,0,13.7559575102758,0,6070,0,0,78.3682926829268,81.8,75.1,9.31 ,0.0,1552.0,17 ,0,0.0,98.0,0.0
France,FRA,2003,97,87,0,6.05088862267274,0,47220,0,0,79.1146341463415,82.7,75.7,13.45 ,0.0,1402.15501889962,16.1 ,0,0.0,84.0,28.0
Germany,DEU,2003,97,95,0,10.1387088183608,0,44900,0,0,78.3804878048781,81.3,75.6,11.92 ,0.0,1359.16414551463,16.6 ,0,0.0,0.0,90.0
Greece,GRC,2003,94,94,0,9.17087840951815,0,6190,0,0,78.8414634146341,81.3,76.5,8.91 ,0.0,1758.97671246394,17.4 ,0,0.0,0.0,92.0
Hungary,HUN,2003,99,99,0,5.74457770952842,0,6280,0,0,72.3,76.5,68.3,13.24 ,0.0,1736.53985838608,20.4 ,0,0.0,99.0,0.0
Iceland,ISL,2003,97,93,0,7.70237744092308,0,360,0,0,80.9634146341464,82.5,79.5,6.52 ,0.0,1639.0,16.4 ,0,0.0,0.0,0.0
Ireland,IRL,2003,86,78,0,11.0320952029497,0,10070,0,0,78.1390243902439,80.7,75.7,13.04 ,0.0,1828.0158929739,17 ,0,0.0,90.0,0.0
Italy,ITA,2003,96,84,0,8.06445963606381,0,25690,0,0,79.9829268292683,82.8,77.3,9.3 ,0.0,1815.1,15.1 ,0,0.0,0.0,95.0
Latvia,LVA,2003,98,98,0,3.31737300453369,0,1460,0,0,71.2658536585366,76.9,65.9,8.24 ,0.0,1816.79939366216,16.1 ,0,0.0,97.0,98.0
Lithuania,LTU,2003,94,98,0,3.28822815509203,0,5090,0,0,72.0609756097561,77.9,66.5,11.29 ,0.0,1594.81370851384,18.4 ,0,0.0,99.0,95.0
Luxembourg,LUX,2003,98,95,0,22.6734268563165,0,350,0,0,77.7268292682927,80.8,74.8,12.52 ,0.0,1584.93087000926,16.6 ,0,0.0,0.0,95.0
Malta,MLT,2003,94,90,0,6.54821315336827,0,60,0,0,78.5463414634146,80.8,76.4,6.54 ,0.0,0.0,22.7 ,0,0.0,0.0,89.0
Netherlands,NLD,2003,98,96,0,10.4996505217809,0,12990,0,0,78.4926829268293,80.9,76.2,9.48 ,0.0,1379.0,13.5 ,0,0.0,0.0,0.0
North Macedonia,MKD,2003,96,96,0,4.50963198311935,0,570,0,0,73.2414634146342,75.7,70.9,0,0.0,0.0,0,0,0.0,0.0,0.0
Norway,NOR,2003,92,86,0,8.14264596990382,0,4710,0,0,79.390243902439,81.9,77,6.04 ,0.0,1401.0,16.6 ,0,0.0,0.0,0.0
Poland,POL,2003,99,97,0,7.79304703563809,0,22960,0,0,74.5975609756098,78.9,70.5,9.06 ,0.0,1766.25650304488,17.3 ,0,0.0,93.0,97.0
Portugal,PRT,2003,99,96,0,5.78650313049279,0,3810,0,0,77.219512195122,80.6,74,12.22 ,0.0,1696.91531486021,13.4 ,0,0.0,81.0,94.0
Romania,ROU,2003,97,97,0,4.54892539352786,0,9910,0,0,71.309756097561,75.1,67.7,11.55 ,0.0,0.0,16.3 ,0,0.0,99.0,98.0
Serbia,SRB,2003,89,87,0,6.97137452453675,0,4070,0,0,72.4365853658537,75.1,69.9,0,0.0,0.0,15 ,0,0.0,94.0,0.0
Slovak Republic,SVK,2003,99,99,0,7.13332104392039,0,2790,0,0,73.6048780487805,77.6,69.8,0,0.0,1617.60705921805,0,0,0.0,0.0,0.0
Slovenia,SVN,2003,95,94,0,7.72147368781901,0,860,0,0,76.8585365853659,80.7,73.2,11.55 ,0.0,1637.0,14.1 ,0,0.0,97.0,0.0
Spain,ESP,2003,98,98,0,7.55339634772477,0,24010,0,0,79.619512195122,83,76.4,11.04 ,0.0,1708.0,18.6 ,0,0.0,0.0,81.0
Sweden,SWE,2003,99,95,0,6.16193231529798,0,5500,0,0,80.0951219512195,82.4,77.9,6.88 ,0.0,1431.29835025705,14.6 ,0,0.0,17.0,0.0
Switzerland,CHE,2003,93,82,0,6.10982341501083,0,2470,0,0,80.5365853658537,83.2,78,10.82 ,0.0,1664.5,13.6 ,0,0.0,0.0,0.0
Turkiye,TUR,2003,68,75,53,3.27753498598963,0,24800,0,0,72.89,76.252,69.624,0,0.0,0.0,0,0,0.0,0.0,0.0
United Kingdom,GBR,2003,91,82,0,9.10414144781345,0,32230,0,0,78.4463414634146,80.7,76.3,0,0.0,1487.89548440764,0,0,0.0,0.0,0.0
Albania,ALB,2004,97,96,85,1.40405868767094,0,1260,0,0,76.376,79.237,73.786,4.42 ,0.0,0.0,13.7 ,0,0.0,97.0,99.0
Austria,AUT,2004,83,74,0,9.27561409968639,0,3930,0,0,79.1804878048781,82.1,76.4,12.17 ,0.0,1529.0,14.7 ,0,0.0,0.0,83.0
Belgium,BEL,2004,95,82,0,10.9412242294738,0,7280,0,0,78.8780487804878,81.9,76,12.05 ,0.0,1464.0,17.9 ,0,0.0,0.0,64.0
Bulgaria,BGR,2004,95,95,0,6.12554853369942,0,4340,0,0,72.5634146341463,76.2,69.1,10.7 ,0.0,0.0,19 ,0,0.0,98.0,94.0
Croatia,HRV,2004,96,96,0,4.90173311840118,0,2640,0,0,75.520243902439,79.08,72.13,12.42 ,0.0,0.0,17.5 ,0,0.0,98.0,0.0
Cyprus,CYP,2004,98,86,0,7.63730480679813,0,390,0,0,77.944,80.105,75.815,13.03 ,0.0,0.0,16.7 ,0,0.0,0.0,88.0
Czechia,CZE,2004,98,97,0,12.1054015686817,0,5190,0,0,75.7219512195122,79,72.6,13.42 ,0.0,0.0,21 ,0,0.0,99.0,98.0
Denmark,DNK,2004,95,96,0,9.94167284369708,0,5540,0,0,77.4926829268293,79.9,75.2,11.26 ,0.0,1413.8545663273,14.1 ,0,0.0,0.0,0.0
Estonia,EST,2004,94,96,0,12.4912850594574,0,1250,0,0,71.909756097561,77.8,66.3,15.52 ,0.0,1861.0,15.7 ,0,0.0,99.0,90.0
Finland,FIN,2004,98,97,0,12.9452512857603,0,6230,0,0,78.7146341463415,82.3,75.3,9.89 ,0.0,1554.0,17.3 ,0,0.0,98.0,0.0
France,FRA,2004,98,88,0,6.02379241763573,0,44690,0,0,80.1634146341463,83.8,76.7,13.14 ,0.0,1424.89645330535,16.5 ,0,0.0,85.0,35.0
Germany,DEU,2004,96,96,0,9.95040259124952,0,46230,0,0,78.6804878048781,81.6,75.9,11.83 ,0.0,1358.57129426512,16.9 ,0,0.0,0.0,88.0
Greece,GRC,2004,95,95,0,9.11352910363185,0,5840,0,0,79.0390243902439,81.6,76.6,9.1 ,0.0,1748.71794373342,17.9 ,0,0.0,0.0,92.0
Hungary,HUN,2004,99,99,0,5.57526313304677,0,7240,0,0,72.6487804878049,76.9,68.6,13.28 ,0.0,1746.28067400249,20.7 ,0,0.0,99.0,0.0
Iceland,ISL,2004,99,93,0,7.94319225005581,0,350,0,0,80.9975609756098,83.2,78.9,6.71 ,0.0,1645.0,16.7 ,0,0.0,0.0,0.0
Ireland,IRL,2004,89,81,0,10.9796368456647,0,9760,0,0,78.5390243902439,81.1,76.1,13.11 ,0.0,1816.50706054212,17.6 ,0,0.0,30.0,0.0
Italy,ITA,2004,94,86,0,8.18925745010484,0,27020,0,0,80.7804878048781,83.7,78,8.98 ,0.0,1814.6,15.5 ,0,0.0,0.0,96.0
Latvia,LVA,2004,99,98,0,3.36703009628252,0,1550,0,0,72.0268292682927,77.2,67.1,8.81 ,0.0,1782.16945107929,16.5 ,0,0.0,98.0,98.0
Lithuania,LTU,2004,94,98,0,3.52672056362743,0,5320,0,0,71.9609756097561,77.8,66.4,12.1 ,0.0,1665.02915455543,18.8 ,0,0.0,99.0,94.0
Luxembourg,LUX,2004,99,95,0,25.4532353494627,0,380,0,0,79.1219512195122,82.4,76,12.34 ,0.0,1584.97568237858,16.9 ,0,0.0,0.0,94.0
Malta,MLT,2004,89,94,0,6.47945987378154,0,60,0,0,79.2536585365854,81.2,77.4,6.61 ,0.0,0.0,23.2 ,0,0.0,0.0,85.0
Netherlands,NLD,2004,98,96,0,10.5713260889481,0,13630,0,0,79.0951219512195,81.4,76.9,9.57 ,0.0,1397.0,14 ,0,0.0,0.0,0.0
North Macedonia,MKD,2004,94,96,0,4.34922941524901,0,610,0,0,73.5975609756098,75.8,71.5,0,0.0,0.0,0,0,0.0,0.0,0.0
Norway,NOR,2004,92,89,0,8.13169250978087,0,4860,0,0,79.8414634146342,82.3,77.5,6.22 ,0.0,1423.1,17.1 ,0,0.0,0.0,0.0
Poland,POL,2004,99,97,0,7.90551178775075,0,23040,0,0,74.8463414634146,79.2,70.7,9.19 ,0.0,1767.92688094357,17.8 ,0,0.0,94.0,98.0
Portugal,PRT,2004,95,95,0,5.92625189022586,0,3940,0,0,77.6707317073171,81,74.5,12.26 ,0.0,1702.2663996309,13.9 ,0,0.0,83.0,94.0
Romania,ROU,2004,97,97,0,4.44485915432724,0,11050,0,0,71.5609756097561,75.3,68,11.77 ,0.0,0.0,16.7 ,0,0.0,99.0,99.0
Serbia,SRB,2004,88,89,0,7.55042383191471,0,5220,0,0,72.6829268292683,75.5,70,0,0.0,0.0,15.4 ,0,0.0,97.0,89.0
Slovak Republic,SVK,2004,99,99,0,6.96724673791683,0,2970,0,0,73.9585365853659,77.8,70.3,0,0.0,1657.51325703934,0,0,0.0,0.0,0.0
Slovenia,SVN,2004,94,94,0,7.86174535218872,0,820,0,0,77.2073170731707,81.1,73.5,10.01 ,0.0,1665.0,14.5 ,0,0.0,96.0,0.0
Spain,ESP,2004,97,97,0,7.81792130935957,0,23290,0,0,79.8707317073171,83.2,76.7,11.32 ,0.0,1692.0,19 ,0,0.0,0.0,97.0
Sweden,SWE,2004,99,96,0,5.95872746228238,0,5540,0,0,80.4975609756098,82.7,78.4,6.51 ,0.0,1452.61239911565,14.9 ,0,0.0,18.0,0.0
Switzerland,CHE,2004,93,82,0,6.1275096881502,0,2490,0,0,81.0878048780488,83.7,78.6,10.54 ,0.0,1695.0,13.8 ,0,0.0,0.0,0.0
Turkiye,TUR,2004,85,81,77,3.31341384668404,0,24970,0,0,73.24,76.564,69.996,0,0.0,0.0,0,0,0.0,0.0,0.0
United Kingdom,GBR,2004,92,81,0,9.05315858404864,0,33130,0,0,78.7463414634146,81,76.6,0,0.0,1491.28789068089,0,0,0.0,0.0,0.0
Albania,ALB,2005,98,97,86,1.33820939947885,0,1270,61.8,7.65,76.621,79.493,74.033,4.98 ,31.3,0.0,14.3 ,0,97.0,98.0,98.0
Austria,AUT,2005,86,75,0,9.26611355969716,169,3970,1891.2,12.79,79.3317073170732,82.2,76.6,12.14 ,40.4,1518.0,15 ,0,86.0,0.0,86.0
Belgium,BEL,2005,97,88,0,10.5557823718867,72.9,7160,1882.6,13.13,78.9804878048781,81.9,76.2,12.21 ,25.9,1455.0,18.3 ,0,97.0,0.0,77.0
Bulgaria,BGR,2005,96,96,0,6.2658541744854,0,3960,361.6,11.42,72.5609756097561,76.3,69,10.22 ,36.1,0.0,19.5 ,0,97.0,98.0,96.0
Croatia,HRV,2005,96,96,0,4.97663089361019,0,2490,47.5,10.31,75.2446341463415,78.83,71.83,10.72 ,29.2,0.0,18 ,0,96.0,98.0,0.0
Cyprus,CYP,2005,98,86,0,7.61767386652623,0,360,188.3,12.43,78.101,80.287,75.953,11.41 ,21.6,0.0,17.2 ,0,98.0,0.0,88.0
Czechia,CZE,2005,97,97,0,11.7508040045152,5.6,5090,1078.7,14.76,75.9243902439025,79.1,72.9,13.66 ,28.0,0.0,21.4 ,0,96.0,99.0,99.0
Denmark,DNK,2005,93,95,0,9.26296349191935,31.5,5430,1249.5,12.29,77.8439024390244,80.2,75.6,11.26 ,28.6,1412.57786319256,14.3 ,0,93.0,0.0,0.0
Estonia,EST,2005,96,96,0,12.7179786623139,2.2,1230,33.8,15.65,72.5682926829268,78.1,67.3,16.58 ,28.2,1888.0,16 ,0,96.0,99.0,95.0
Finland,FIN,2005,97,97,0,10.5716706450802,50.9,6440,754.9,13.11,78.8170731707317,82.3,75.5,9.95 ,22.2,1543.0,17.6 ,0,97.0,98.0,0.0
France,FRA,2005,98,87,0,6.02420750933948,1609.4,43510,12734.7,13.09,80.1634146341463,83.8,76.7,12.88 ,30.5,1427.27795393858,16.9 ,0,98.0,81.0,35.0
Germany,DEU,2005,96,96,0,9.7294243784419,5443.2,44480,14684.6,13.28,78.9317073170732,81.8,76.2,11.68 ,28.3,1348.95525336387,17.2 ,0,95.0,0.0,90.0
Greece,GRC,2005,96,96,0,9.27888262301796,108.1,5680,1911.4,10.73,79.2390243902439,81.8,76.8,9.15 ,40.0,1840.02881736457,18.4 ,0,96.0,0.0,93.0
Hungary,HUN,2005,99,99,0,5.54373330289289,30,6940,1191.4,14.56,72.6487804878049,76.9,68.6,12.95 ,30.5,1734.28957473815,21 ,0,99.0,99.0,0.0
Iceland,ISL,2005,95,90,0,7.71734941682797,3.5,350,46.6,7.74,81.5024390243902,83.5,79.6,7.05 ,22.4,1637.0,16.9 ,0,95.0,0.0,0.0
Ireland,IRL,2005,90,84,0,11.2141745059823,61.8,9510,859.7,14.2,78.9439024390244,81.3,76.7,13.06 ,30.9,1828.84280279789,18.2 ,0,90.0,31.0,0.0
Italy,ITA,2005,95,87,0,8.17378306441827,877.2,25700,9114.5,9.41,80.7829268292683,83.6,78.1,8.65 ,19.6,1811.1,15.9 ,0,97.0,0.0,96.0
Latvia,LVA,2005,99,98,0,3.44381073876975,0,1580,876.6,11.96,71.3560975609756,77.4,65.6,9.92 ,25.7,1813.22021043951,16.9 ,0,99.0,97.0,99.0
Lithuania,LTU,2005,94,97,0,3.86151747214955,0,5570,642.1,16.1,71.2536585365854,77.4,65.4,12.42 ,24.1,1667.18982935941,19.2 ,0,93.0,99.0,95.0
Luxembourg,LUX,2005,99,95,0,25.6042029749292,0,370,99.5,13.58,79.4317073170732,82.3,76.7,12.31 ,23.8,1564.85131276551,17.3 ,0,99.0,0.0,95.0
Malta,MLT,2005,92,86,0,6.51257723332092,0,60,114.2,6.65,79.3,81.4,77.3,6.14 ,25.3,0.0,23.7 ,0,94.0,0.0,85.0
Netherlands,NLD,2005,96,95,0,10.2899112098076,126.9,13590,3119.5,10.71,79.3463414634146,81.6,77.2,9.5 ,28.2,1378.0,14.6 ,0,96.0,0.0,0.0
North Macedonia,MKD,2005,97,96,0,4.5314956352987,0,600,119.1,7.03,73.6975609756098,75.9,71.6,0,0.0,0.0,0,0,0.0,0.0,0.0
Norway,NOR,2005,91,90,0,7.86236437942606,331.4,4960,319,8.87,80.0414634146342,82.5,77.7,6.37 ,33.5,1428.5,17.6 ,0,91.0,0.0,0.0
Poland,POL,2005,99,98,0,7.8958860850048,218.5,23850,1736.7,10.6,74.9951219512195,79.4,70.8,9.07 ,29.6,1763.64304389358,18.2 ,0,99.0,94.0,98.0
Portugal,PRT,2005,93,93,0,6.23326137717306,103.8,3770,647.7,13.37,78.0707317073171,81.4,74.9,11.97 ,16.1,1703.89608274036,14.4 ,0,93.0,89.0,94.0
Romania,ROU,2005,97,97,0,4.4423732848057,2.2,11130,418.8,15.84,71.9121951219512,75.6,68.4,9.63 ,22.5,0.0,17.2 ,0,97.0,98.0,98.0
Serbia,SRB,2005,98,96,0,6.81246772030001,0,4950,4293.8,0,72.8341463414634,75.6,70.2,0,39.3,0.0,15.9 ,0,98.0,98.0,65.0
Slovak Republic,SVK,2005,99,98,0,7.16943684330438,0,2840,319.7,12.06,73.9048780487805,77.9,70.1,0,0.0,1689.60683039949,0,0,0.0,0.0,0.0
Slovenia,SVN,2005,95,94,0,7.95811396513721,2.2,820,356.4,12.3,77.6121951219512,81.3,74.1,11.19 ,22.1,1626.0,14.8 ,0,95.0,0.0,0.0
Spain,ESP,2005,96,97,0,8.02920201300456,743.8,21920,6300.3,12.83,80.1707317073171,83.5,77,11.92 ,28.5,1675.0,19.5 ,0,96.0,0.0,96.0
Sweden,SWE,2005,98,96,0,5.56061783265837,214.2,5420,1131.9,8.64,80.5463414634146,82.8,78.4,6.53 ,32.3,1451.47568511689,15.1 ,0,98.0,20.0,0.0
Switzerland,CHE,2005,94,87,0,6.16502480788869,348.7,2540,1613.8,11.64,81.2365853658537,83.9,78.7,10.15 ,23.5,1690.0,14.1 ,0,94.0,0.0,0.0
Turkiye,TUR,2005,90,91,62,3.42043482750784,1602.2,25380,2893.2,2.12,73.534,76.867,70.278,0,0.0,0.0,0,0,0.0,0.0,0.0
United Kingdom,GBR,2005,91,82,0,8.95545004366562,554.2,31970,9043.4,13.89,79.0487804878049,81.2,77,0,0.0,1500.34835446828,0,0,0.0,0.0,0.0
Albania,ALB,2006,97,95,87,1.33999573904164,0,1210,0,0,76.816,79.686,74.243,5.17 ,0.0,0.0,14.9 ,0,97.0,97.0,98.0
Austria,AUT,2006,83,80,0,8.96156919548461,0,3960,0,0,79.8804878048781,82.8,77.1,12.58 ,0.0,1505.0,15.2 ,0,83.0,0.0,83.0
Belgium,BEL,2006,98,92,0,10.3005720657855,0,6150,0,0,79.380487804878,82.3,76.6,10.94 ,0.0,1463.0,18.7 ,0,99.0,0.0,94.0
Bulgaria,BGR,2006,95,96,0,6.43992357382198,0,3230,0,0,72.6121951219512,76.3,69.1,10.18 ,0.0,0.0,20 ,0,96.0,98.0,96.0
Croatia,HRV,2006,96,95,0,5.01257332665105,0,2920,0,0,75.8368292682927,79.33,72.51,10.98 ,0.0,0.0,18.5 ,0,96.0,99.0,0.0
Cyprus,CYP,2006,97,87,0,7.5797915178343,0,360,0,0,78.371,80.522,76.255,11.48 ,0.0,0.0,17.6 ,0,97.0,0.0,93.0
Czechia,CZE,2006,98,97,0,11.7786031293504,0,4960,0,0,76.5243902439024,79.7,73.5,13.58 ,0.0,0.0,21.8 ,0,98.0,99.0,98.0
Denmark,DNK,2006,93,90,0,10.6910231947409,0,5380,0,0,78.0951219512195,80.4,75.9,11.02 ,0.0,1418.42307484824,14.6 ,0,93.0,0.0,0.0
Estonia,EST,2006,95,96,0,11.8650734270137,0,1230,0,0,72.6914634146341,78.3,67.35,17.87 ,0.0,1879.0,16.4 ,0,95.0,99.0,95.0
Finland,FIN,2006,97,97,0,12.7262791493077,0,6120,0,0,79.2146341463415,82.8,75.8,10.15 ,0.0,1540.0,17.9 ,0,97.0,98.0,0.0
France,FRA,2006,99,89,0,5.83938617767613,0,42710,0,0,80.8121951219512,84.5,77.3,13.05 ,0.0,1411.61689919921,17.4 ,0,99.0,83.0,39.0
Germany,DEU,2006,96,96,0,9.88644161356904,0,43050,0,0,79.1317073170732,82,76.4,11.76 ,0.0,1374.21621775363,17.5 ,0,94.0,0.0,87.0
Greece,GRC,2006,98,98,0,9.13763059219307,0,5370,0,0,79.4390243902439,82,77,8.68 ,0.0,1829.1472169598,18.8 ,0,98.0,0.0,94.0
Hungary,HUN,2006,99,99,0,5.50669860053525,0,6720,0,0,73.0975609756098,77.4,69,13.25 ,0.0,1716.58075887771,21.3 ,0,99.0,99.0,0.0
Iceland,ISL,2006,97,95,0,7.66997361168881,0,380,0,0,81.1585365853659,82.9,79.5,7.2 ,0.0,1627.0,17.2 ,0,97.0,0.0,0.0
Ireland,IRL,2006,91,86,0,11.0586151837022,0,9350,0,0,79.2414634146342,81.7,76.9,13.12 ,0.0,1824.7608796835,18.8 ,0,91.0,31.0,0.0
Italy,ITA,2006,96,88,0,8.02576641506568,0,20670,0,0,81.2829268292683,84.1,78.6,8.44 ,0.0,1811.9,16.3 ,0,97.0,0.0,96.0
Latvia,LVA,2006,96,98,0,3.69642929846961,0,1600,0,0,70.8658536585366,76.5,65.5,10.4 ,0.0,1792.7568423645,17.3 ,0,96.0,95.0,94.0
Lithuania,LTU,2006,94,97,0,3.98176232358873,0,5520,0,0,71.0560975609756,77.1,65.3,13.34 ,0.0,1657.07908484016,19.6 ,0,94.0,99.0,95.0
Luxembourg,LUX,2006,99,95,0,24.7970435387598,0,370,0,0,79.2878048780488,81.9,76.8,12.5 ,0.0,1563.67832237997,17.6 ,0,99.0,0.0,95.0
Malta,MLT,2006,85,94,0,6.53823782251382,0,60,0,0,79.4390243902439,82,77,8.25 ,0.0,0.0,24.2 ,0,83.0,0.0,86.0
Netherlands,NLD,2006,96,96,0,10.0146204252771,0,13540,0,0,79.6975609756098,81.9,77.6,9.58 ,0.0,1370.0,15.1 ,0,96.0,0.0,0.0
North Macedonia,MKD,2006,93,94,0,4.5191028978275,0,590,0,0,73.8951219512195,76.2,71.7,0,0.0,0.0,0,0,0.0,0.0,0.0
Norway,NOR,2006,94,92,0,7.98167321248383,0,4620,0,0,80.3439024390244,82.7,78.1,6.47 ,0.0,1426.4,18.1 ,0,94.0,0.0,0.0
Poland,POL,2006,99,99,0,8.23491249878749,0,24200,0,0,75.1439024390244,79.6,70.9,9.74 ,0.0,1763.69884233251,18.7 ,0,99.0,94.0,98.0
Portugal,PRT,2006,97,97,0,5.74494831950423,0,3620,0,0,78.419512195122,81.8,75.2,11.81 ,0.0,1700.33389547711,14.9 ,0,97.0,99.0,97.0
Romania,ROU,2006,97,95,0,4.68345409857574,0,10110,0,0,72.1634146341463,75.8,68.7,9.89 ,0.0,0.0,17.7 ,0,97.0,99.0,99.0
Serbia,SRB,2006,92,88,0,7.15233148629301,0,4700,0,0,73.3853658536585,76.1,70.8,8.82 ,0.0,0.0,16.3 ,0,97.0,99.0,93.0
Slovak Republic,SVK,2006,99,98,0,7.04813294857725,0,3170,0,0,74.2048780487805,78.2,70.4,0,0.0,1690.00429557011,0,0,0.0,0.0,0.0
Slovenia,SVN,2006,97,96,0,8.11712624623408,0,820,0,0,78.0865853658537,81.8,74.55,12.26 ,0.0,1604.0,15.2 ,0,97.0,0.0,0.0
Spain,ESP,2006,98,97,0,7.69821256052189,0,22280,0,0,80.8219512195122,84.1,77.7,11.86 ,0.0,1663.0,19.9 ,0,98.0,0.0,97.0
Sweden,SWE,2006,98,97,0,5.38516321789139,0,5390,0,0,80.7487804878049,82.9,78.7,6.81 ,0.0,1450.11726826222,15.4 ,0,98.0,21.0,0.0
Switzerland,CHE,2006,94,87,0,6.07701772119266,0,2560,0,0,81.490243902439,84,79.1,10.24 ,0.0,1679.2,14.3 ,0,94.0,0.0,0.0
Turkiye,TUR,2006,90,98,68,3.75107739060495,0,26900,0,0,73.845,77.124,70.624,0,0.0,0.0,0,0,0.0,0.0,0.0
United Kingdom,GBR,2006,92,85,0,8.90860027785501,0,30910,0,0,79.2487804878049,81.4,77.2,0,0.0,1494.2283266653,0,0,0.0,0.0,0.0
Albania,ALB,2007,98,97,87,1.3939313702533,0,1200,0,0,77.549,80.247,75.1,5.46 ,0.0,0.0,15.5 ,0,99.0,98.0,98.0
Austria,AUT,2007,85,79,0,8.58780176061628,0,3870,0,0,80.1804878048781,83.1,77.4,12.54 ,0.0,1502.0,15.5 ,0,85.0,0.0,85.0
Belgium,BEL,2007,98,92,0,9.84311587357925,0,5520,0,0,79.7829268292683,82.6,77.1,13.43 ,0.0,1465.0,19.1 ,0,99.0,0.0,94.0
Bulgaria,BGR,2007,95,96,0,6.97119181064137,0,3590,0,0,72.6634146341463,76.3,69.2,10.66 ,0.0,0.0,20.5 ,0,95.0,98.0,95.0
Croatia,HRV,2007,96,96,0,5.30831722875359,0,3080,0,0,75.7056097560976,79.25,72.33,11.36 ,0.0,0.0,19 ,0,96.0,99.0,94.0
Cyprus,CYP,2007,97,87,0,7.73834561406861,0,370,0,0,78.81,81.006,76.656,11.58 ,0.0,0.0,18 ,0,97.0,0.0,93.0
Czechia,CZE,2007,99,98,0,12.0033078275103,0,4990,0,0,76.7243902439025,79.9,73.7,13.83 ,0.0,0.0,22.2 ,0,99.0,99.0,99.0
Denmark,DNK,2007,87,89,0,9.77947563396529,0,5350,0,0,78.1951219512195,80.5,76,10.99 ,0.0,1400.64329416077,14.8 ,0,87.0,0.0,0.0
Estonia,EST,2007,95,96,0,14.9028847616406,0,1280,0,0,72.8146341463415,78.5,67.4,17.47 ,0.0,1880.0,16.8 ,0,95.0,98.0,95.0
Finland,FIN,2007,99,98,0,12.3092163083168,0,6310,0,0,79.2634146341464,82.9,75.8,10.45 ,0.0,1539.0,18.1 ,0,97.0,0.0,0.0
France,FRA,2007,99,90,0,5.66729369701834,0,43790,0,0,81.1121951219512,84.8,77.6,12.95 ,0.0,1434.89470473402,17.8 ,0,99.0,78.0,42.0
Germany,DEU,2007,96,97,0,9.52758665221032,0,46710,0,0,79.5341463414634,82.3,76.9,11.51 ,0.0,1377.20157528699,17.7 ,0,95.0,0.0,86.0
Greece,GRC,2007,99,99,0,9.44112345286032,0,5240,0,0,79.4390243902439,82,77,8.89 ,0.0,1832.03207459445,19.3 ,0,99.0,0.0,95.0
Hungary,HUN,2007,99,99,0,5.35512893819486,0,6190,0,0,73.1512195121951,77.3,69.2,12.54 ,0.0,1695.25403516402,21.6 ,0,99.0,99.0,0.0
Iceland,ISL,2007,97,95,0,7.63883130521597,0,390,0,0,81.4536585365854,83.4,79.6,7.53 ,0.0,1605.0,17.4 ,0,97.0,0.0,0.0
Ireland,IRL,2007,92,87,0,10.5388979009843,0,9180,0,0,79.6414634146341,82.1,77.3,13.17 ,0.0,1811.04002246875,19.4 ,0,92.0,33.0,0.0
Italy,ITA,2007,97,90,0,7.86076796398096,0,20100,0,0,81.4341463414634,84.2,78.8,8.37 ,0.0,1817.7,16.6 ,0,97.0,0.0,97.0
Latvia,LVA,2007,94,95,0,3.87669991159087,0,1660,0,0,71.019512195122,76.5,65.8,12.12 ,0.0,1760.41332639318,17.7 ,0,94.0,95.0,91.0
Lithuania,LTU,2007,95,97,0,4.08814550398292,0,6300,0,0,70.9,77.2,64.9,13.79 ,0.0,1678.69747384392,20.1 ,0,95.0,99.0,96.0
Luxembourg,LUX,2007,99,96,0,23.1461701663924,0,370,0,0,79.3829268292683,82.2,76.7,12.27 ,0.0,1574.17099058867,17.9 ,0,96.0,0.0,87.0
Malta,MLT,2007,74,79,0,6.68758182111267,0,60,0,0,79.7926829268293,82.2,77.5,7.47 ,0.0,0.0,24.7 ,0,76.0,0.0,82.0
Netherlands,NLD,2007,97,96,0,10.0447476898459,0,12120,0,0,80.0975609756098,82.3,78,9.45 ,0.0,1366.0,15.7 ,0,97.0,0.0,0.0
North Macedonia,MKD,2007,95,96,0,4.74662087527942,0,590,0,0,73.8,75.9,71.8,0,0.0,0.0,0,0,0.0,0.0,0.0
Norway,NOR,2007,93,92,0,8.01630356881588,0,4410,0,0,80.3951219512195,82.7,78.2,6.6 ,0.0,1438.3,18.6 ,0,93.0,0.0,0.0
Poland,POL,2007,99,98,0,8.22076078847774,0,25170,0,0,75.2439024390244,79.7,71,10.39 ,0.0,1762.8879508646,19.2 ,0,99.0,93.0,98.0
Portugal,PRT,2007,97,95,0,5.57717917248513,0,3790,0,0,78.3219512195122,81.6,75.2,11.54 ,0.0,1704.62191218966,15.4 ,0,96.0,98.0,97.0
Romania,ROU,2007,96,97,0,4.63200147167361,0,10140,0,0,72.5658536585366,76.1,69.2,11.06 ,0.0,0.0,18.2 ,0,96.0,99.0,99.0
Serbia,SRB,2007,94,95,0,6.97140802590783,0,4980,0,0,73.6317073170732,76.5,70.9,9.42 ,0.0,0.0,16.8 ,0,93.0,98.0,99.0
Slovak Republic,SVK,2007,99,99,0,6.91955613375396,0,2970,0,0,74.2073170731707,78.1,70.5,0,0.0,1698.11460600293,0,0,0.0,0.0,0.0
Slovenia,SVN,2007,97,96,0,8.06690610708644,0,830,0,0,78.5609756097561,82.3,75,11.02 ,0.0,1593.0,15.6 ,0,97.0,0.0,0.0
Spain,ESP,2007,96,97,0,7.84225214140785,0,22850,0,0,80.8731707317073,84.1,77.8,11.05 ,0.0,1648.0,20.4 ,0,96.0,0.0,96.0
Sweden,SWE,2007,98,96,0,5.15298702610866,0,5280,0,0,80.9,83,78.9,6.98 ,0.0,1461.68670158821,15.6 ,0,98.0,23.0,0.0
Switzerland,CHE,2007,94,87,0,5.76603447086402,0,2520,0,0,81.7414634146342,84.2,79.4,10.44 ,0.0,1668.9,14.5 ,0,94.0,0.0,0.0
Turkiye,TUR,2007,96,96,70,4.10067601937393,0,25680,0,0,74.193,77.442,70.987,0,0.0,0.0,0,0,0.0,0.0,0.0
United Kingdom,GBR,2007,92,86,0,8.65098976862687,0,30950,0,0,79.4487804878049,81.6,77.4,0,0.0,1503.6437540545,0,0,0.0,0.0,0.0
Albania,ALB,2008,99,98,87,1.38431124871868,0,1130,86.9,0,77.653,80.429,75.163,5.56 ,0.0,0.0,16.1 ,0,99.0,99.0,99.0
Austria,AUT,2008,83,83,0,8.49967401978365,196.4,4000,2468.9,0,80.4317073170732,83.3,77.7,12.03 ,0.0,1506.0,15.8 ,0,83.0,0.0,83.0
Belgium,BEL,2008,99,93,0,9.98415218275303,80.9,5480,2471.1,0,79.6804878048781,82.6,76.9,10.51 ,0.0,1456.0,19.3 ,0,99.0,0.0,98.0
Bulgaria,BGR,2008,95,96,0,6.67862442701865,0,3810,508,0,72.9634146341463,76.6,69.5,10.73 ,0.0,0.0,21.1 ,0,96.0,98.0,96.0
Croatia,HRV,2008,96,96,0,5.04210834436146,0,3420,66.3,0,75.9121951219512,79.6,72.4,11.36 ,0.0,0.0,19.6 ,0,96.0,99.0,97.0
Cyprus,CYP,2008,97,87,0,7.77194936892333,0,360,256.1,0,78.981,81.198,76.813,12.03 ,0.0,0.0,18.4 ,0,97.0,0.0,93.0
Czechia,CZE,2008,99,97,0,11.3928281667189,4.7,4920,1459,0,76.9756097560976,80.1,74,13.65 ,0.0,0.0,22.7 ,0,99.0,99.0,99.0
Denmark,DNK,2008,88,87,0,9.12512913943557,33.5,5360,1629.6,0,78.4463414634146,80.7,76.3,10.7 ,0.0,1403.73856629921,15 ,0,88.0,0.0,0.0
Estonia,EST,2008,95,95,0,13.7612274555417,2.3,1340,47.6,0,73.7707317073171,79.2,68.6,16.61 ,0.0,1852.0,17.1 ,0,95.0,98.0,94.0
Finland,FIN,2008,99,97,0,10.6636072027363,67.9,6640,1003.2,0,79.5682926829268,83,76.3,10.26 ,0.0,1536.0,18.4 ,0,97.0,0.0,0.0
France,FRA,2008,99,89,0,5.56060392447916,1784.7,41960,16851.1,0,81.2146341463415,84.8,77.8,12.53 ,0.0,1443.46014976725,18.2 ,0,99.0,0.0,47.0
Germany,DEU,2008,96,97,0,9.61745304528633,6469.6,44390,19466.8,0,79.7365853658537,82.4,77.2,11.37 ,0.0,1371.27156962513,18 ,0,95.0,0.0,87.0
Greece,GRC,2008,99,99,0,9.06404087783071,115.4,5420,1000.3,0,79.9390243902439,82.5,77.5,8.73 ,0.0,1826.74382416868,19.9 ,0,99.0,0.0,95.0
Hungary,HUN,2008,99,99,0,5.28083338562031,28.9,5680,1652.9,0,73.7024390243903,77.8,69.8,11.75 ,0.0,1702.14559959348,21.9 ,0,99.0,99.0,0.0
Iceland,ISL,2008,98,96,0,6.86800225181372,4,400,61.8,0,81.609756097561,83.3,80,7.19 ,0.0,1639.46280991736,17.6 ,0,98.0,0.0,0.0
Ireland,IRL,2008,93,89,0,10.197026419453,69.9,9140,1152.6,0,80.0951219512195,82.4,77.9,12.18 ,0.0,1794.75326818305,19.9 ,0,93.0,34.0,0.0
Italy,ITA,2008,96,90,0,7.56424848741515,992.1,18650,11924.5,0,81.4853658536585,84.2,78.9,7.96 ,0.0,1806.5,17 ,0,96.0,0.0,96.0
Latvia,LVA,2008,94,96,0,3.72475897303075,0,1700,1233.1,0,72.419512195122,77.9,67.2,11.84 ,0.0,1715.87800216079,18.1 ,0,94.0,95.0,93.0
Lithuania,LTU,2008,96,97,0,4.08350754514502,0,6000,915.7,0,71.8121951219512,77.6,66.3,13.79 ,0.0,1687.24776636317,20.5 ,0,96.0,99.0,96.0
Luxembourg,LUX,2008,99,96,0,22.5519297201754,0,380,131.2,0,80.5390243902439,83.1,78.1,11.99 ,0.0,1573.54134508026,18.2 ,0,96.0,0.0,94.0
Malta,MLT,2008,72,78,0,6.6442099585231,0,60,153.2,0,79.6365853658537,82.3,77.1,6.87 ,0.0,0.0,25.2 ,0,72.0,0.0,86.0
Netherlands,NLD,2008,97,96,0,10.0464605454302,141.4,8620,3988.8,0,80.2512195121951,82.3,78.3,9.51 ,0.0,1369.0,16.3 ,0,97.0,0.0,0.0
North Macedonia,MKD,2008,95,98,0,4.63139811668013,0,570,157.6,0,74.4,76.5,72.4,0,0.0,0.0,0,0,0.0,0.0,0.0
Norway,NOR,2008,94,93,0,7.73245798045154,222.2,4010,422,0,80.5926829268293,83,78.3,6.75 ,0.0,1443.0,19.2 ,0,94.0,0.0,0.0
Poland,POL,2008,99,98,0,8.08718290886395,251.7,24050,2378,0,75.5439024390244,80,71.3,10.8 ,0.0,1751.99963710586,19.6 ,0,96.0,93.0,98.0
Portugal,PRT,2008,97,97,0,5.38350514038436,132.4,3690,854.4,0,78.5243902439025,81.7,75.5,11.47 ,0.0,1696.47644216045,16 ,0,97.0,98.0,97.0
Romania,ROU,2008,96,96,0,4.64605019598889,2.3,9230,596.4,0,72.5658536585366,76.1,69.2,12.38 ,0.0,0.0,18.7 ,0,95.0,99.0,97.0
Serbia,SRB,2008,95,92,0,6.77938732068973,0,4470,5979,0,73.8853658536585,76.6,71.3,9.59 ,0.0,0.0,17.2 ,0,95.0,99.0,93.0
Slovak Republic,SVK,2008,99,99,0,6.89689375309103,0,2870,442.3,0,74.7048780487805,78.7,70.9,0,0.0,1702.09581783956,0,0,0.0,0.0,0.0
Slovenia,SVN,2008,97,96,0,8.58846445105644,2.3,830,486,0,78.7658536585366,82.3,75.4,10.94 ,0.0,1606.0,16 ,0,97.0,0.0,0.0
Spain,ESP,2008,97,98,0,7.05638771459665,893.4,20580,8600.9,0,81.1756097560976,84.3,78.2,10.24 ,0.0,1652.0,20.8 ,0,97.0,0.0,97.0
Sweden,SWE,2008,98,96,0,5.0056202349267,168.1,5450,1498,0,81.1,83.2,79.1,7.02 ,0.0,1471.28275495887,15.9 ,0,98.0,23.0,0.0
Switzerland,CHE,2008,95,92,0,5.87891079111922,448.3,2590,2116.4,0,81.9926829268293,84.4,79.7,10.29 ,0.0,1659.5,14.8 ,0,96.0,0.0,0.0
Turkiye,TUR,2008,96,97,71,4.0267397508181,1898.8,23830,3950.8,0,74.45,77.69,71.248,0,0.0,0.0,0,0,0.0,0.0,0.0
United Kingdom,GBR,2008,92,86,0,8.33789163921445,528.9,30790,11796,0,79.6,81.7,77.6,0,0.0,1485.75444201503,0,0,0.0,0.0,0.0
Albania,ALB,2009,98,97,87,1.44149356167856,0,1120,0,0,77.781,80.544,75.316,5.79 ,0.0,0.0,16.8 ,0,98.0,97.0,98.0
Austria,AUT,2009,83,76,0,7.72114398171392,0,3770,0,0,80.3317073170732,83.2,77.6,11.87 ,0.0,1468.0,16.1 ,0,83.0,0.0,83.0
Belgium,BEL,2009,98,95,0,9.23170127271377,0,5680,0,0,80.0341463414634,82.8,77.4,10.1 ,0.0,1429.0,19.5 ,0,98.0,0.0,97.0
Bulgaria,BGR,2009,94,96,0,5.76403094864345,0,3790,0,0,73.4121951219512,77.1,69.9,10.53 ,0.0,0.0,21.6 ,0,94.0,98.0,96.0
Croatia,HRV,2009,96,95,0,4.71757156457357,0,2240,0,0,76.1682926829268,79.6,72.9,11.11 ,0.0,0.0,20.1 ,0,96.0,99.0,97.0
Cyprus,CYP,2009,99,87,0,7.45291944993419,0,380,0,0,79.401,81.766,77.109,10.81 ,0.0,0.0,18.8 ,0,99.0,0.0,96.0
Czechia,CZE,2009,99,98,0,10.6444541759874,0,4690,0,0,77.0780487804878,80.1,74.2,13.43 ,0.0,0.0,23.1 ,0,99.0,98.0,99.0
Denmark,DNK,2009,89,84,0,8.67810535672043,0,5070,0,0,78.5975609756098,80.8,76.5,10.08 ,0.0,1392.73554867326,15.3 ,0,89.0,0.0,0.0
Estonia,EST,2009,95,95,0,11.2775054538427,0,1280,0,0,74.8243902439024,80.1,69.8,14.66 ,0.0,1726.0,17.5 ,0,95.0,97.0,95.0
Finland,FIN,2009,99,98,0,10.1482130407676,0,5520,0,0,79.719512195122,83.1,76.5,9.96 ,0.0,1514.0,18.7 ,0,99.0,0.0,0.0
France,FRA,2009,98,89,0,5.31178089832975,0,39760,0,0,81.4146341463415,85,78,12.66 ,0.0,1429.94750010254,18.7 ,0,98.0,0.0,51.0
Germany,DEU,2009,96,97,0,8.97178632048294,0,44590,0,0,79.8365853658537,82.5,77.3,11.23 ,0.0,1325.55804564555,18.3 ,0,95.0,0.0,88.0
Greece,GRC,2009,99,99,0,8.52974276205479,0,4960,0,0,80.1878048780488,82.8,77.7,8.32 ,0.0,1812.37720913573,20.4 ,0,99.0,0.0,95.0
Hungary,HUN,2009,99,99,0,4.77318874275645,0,5150,0,0,73.9048780487805,77.9,70.1,11.52 ,0.0,1672.74743995127,22.2 ,0,99.0,99.0,0.0
Iceland,ISL,2009,96,92,0,6.62482423836756,0,350,0,0,81.7512195121951,83.8,79.8,7.24 ,0.0,1555.50809061489,17.8 ,0,96.0,0.0,0.0
Ireland,IRL,2009,94,90,0,8.94303147441854,0,9390,0,0,80.190243902439,82.7,77.8,10.93 ,0.0,1766.0834338374,20.6 ,0,94.0,30.0,0.0
Italy,ITA,2009,96,90,0,6.71897021972187,0,17370,0,0,81.6365853658537,84.3,79.1,7.25 ,0.0,1775.2,17.4 ,0,96.0,0.0,96.0
Latvia,LVA,2009,94,92,0,3.43657219370239,0,1700,0,0,73.0804878048781,78.1,68.3,9.85 ,0.0,1674.43698860593,18.5 ,0,94.0,96.0,92.0
Lithuania,LTU,2009,98,96,0,3.695956383408,0,3920,0,0,72.9146341463415,78.6,67.5,12.97 ,0.0,1626.00568264849,20.9 ,0,98.0,99.0,95.0
Luxembourg,LUX,2009,99,96,0,20.9729934135623,0,370,0,0,80.6365853658537,83.3,78.1,11.98 ,0.0,1513.99440344738,18.5 ,0,96.0,0.0,95.0
Malta,MLT,2009,73,82,0,6.08518775704648,0,60,0,0,80.2414634146342,82.7,77.9,7.1 ,0.0,0.0,25.7 ,0,73.0,0.0,86.0
Netherlands,NLD,2009,97,96,0,9.70878635717226,0,8560,0,0,80.5487804878049,82.7,78.5,9.12 ,0.0,1359.94020646199,16.8 ,0,97.0,0.0,0.0
North Macedonia,MKD,2009,96,96,0,4.32541343080342,0,550,0,0,74.4463414634146,76.7,72.3,0,0.0,0.0,0,0,0.0,0.0,0.0
Norway,NOR,2009,94,93,0,7.75152707053078,0,3440,0,0,80.7951219512195,83.1,78.6,6.68 ,0.0,1421.8,19.7 ,0,94.0,0.0,0.0
Poland,POL,2009,99,98,0,7.79154704890447,0,20780,0,0,75.6951219512195,80.1,71.5,10.17 ,0.0,1740.69082604547,20.1 ,0,96.0,94.0,98.0
Portugal,PRT,2009,96,95,0,5.3272788984834,0,3410,0,0,78.7268292682927,81.8,75.8,11.5 ,0.0,1702.50344739009,16.5 ,0,96.0,98.0,96.0
Romania,ROU,2009,95,96,0,3.96268813548145,0,8670,0,0,73.309756097561,77.1,69.7,11.01 ,0.0,0.0,19.2 ,0,95.0,99.0,95.0
Serbia,SRB,2009,95,95,0,6.40229949128352,0,5070,0,0,73.9853658536585,76.7,71.4,9.78 ,0.0,0.0,17.7 ,0,97.0,98.0,93.0
Slovak Republic,SVK,2009,99,99,0,6.29547788403104,0,2630,0,0,74.909756097561,78.7,71.3,0,0.0,1683.54099730951,0,0,0.0,0.0,0.0
Slovenia,SVN,2009,96,95,0,7.60417510335344,0,810,0,0,78.9707317073171,82.3,75.8,10.52 ,0.0,1620.0,16.4 ,0,96.0,0.0,0.0
Spain,ESP,2009,96,98,0,6.20085682722524,0,20230,0,0,81.4756097560976,84.6,78.5,9.99 ,0.0,1656.0,21.2 ,0,96.0,0.0,96.0
Sweden,SWE,2009,98,97,0,4.61148915371059,0,5210,0,0,81.3512195121951,83.4,79.4,7.31 ,0.0,1457.93161385157,16.2 ,0,98.0,21.0,0.0
Switzerland,CHE,2009,95,92,0,5.63932737800519,0,2550,0,0,82.0439024390244,84.4,79.8,10.15 ,0.0,1650.8,15 ,0,96.0,0.0,0.0
Turkiye,TUR,2009,96,97,71,3.98514974124723,0,26780,0,0,74.765,77.988,71.57,0,0.0,0.0,0,0,0.0,0.0,0.0
United Kingdom,GBR,2009,93,86,0,7.49065398801783,0,28480,0,0,80.0512195121951,82.1,78.1,0,0.0,1481.51749968989,0,0,0.0,0.0,0.0
Albania,ALB,2010,99,99,87,1.52762366260495,0,1110,105,7.69,77.936,80.688,75.493,4.88 ,28.0,0.0,17.4 ,21.95 ,99.0,99.0,99.0
Austria,AUT,2010,86,80,0,8.36501490116616,183,3780,2835,12.2,80.5804878048781,83.5,77.8,12.1 ,34.5,1468.0,16.4 ,15.62 ,86.0,0.0,86.0
Belgium,BEL,2010,98,95,0,9.79479224161996,93,6190,2657,11.4,80.1829268292683,83,77.5,10.27 ,24.1,1432.0,19.7 ,16.08 ,98.0,0.0,97.0
Bulgaria,BGR,2010,94,97,0,6.04954401644367,0,3720,648,11.32,73.5121951219512,77.2,70,9.82 ,36.5,0.0,22.1 ,23.87 ,94.0,98.0,95.0
Croatia,HRV,2010,97,96,0,4.53039920931556,0,2500,78,10.08,76.4756097560976,79.6,73.5,10.71 ,31.3,0.0,20.6 ,20.99 ,97.0,99.0,97.0
Cyprus,CYP,2010,99,87,0,6.99309374053271,0,390,304,11.35,79.665,82.048,77.362,11.33 ,22.2,0.0,19.2 ,18.53 ,99.0,0.0,96.0
Czechia,CZE,2010,99,98,0,10.7165940611452,5,4550,3613,14.06,77.4243902439025,80.6,74.4,12.68 ,27.3,0.0,23.6 ,20.25 ,99.0,0.0,99.0
Denmark,DNK,2010,90,85,0,8.67389123204855,36,4980,1693,11,79.1,81.2,77.1,10.27 ,24.2,1398.97933553883,15.5 ,12.27 ,90.0,0.0,0.0
Estonia,EST,2010,94,95,0,14.2698886573161,2,1310,58,12.39,75.4292682926829,80.5,70.6,14.97 ,26.4,1765.0,17.9 ,8.47 ,94.0,97.0,94.0
Finland,FIN,2010,99,98,0,11.6587534771719,76,5190,1203,12.59,79.8707317073171,83.2,76.7,9.72 ,20.1,1521.0,18.9 ,7.07 ,99.0,0.0,0.0
France,FRA,2010,99,89,0,5.34794592819296,1431,38680,18867,12.4,81.6634146341463,85.3,78.2,12.3 ,30.9,1438.6353066842,19.2 ,14.45 ,99.0,0.0,64.0
Germany,DEU,2010,96,97,0,9.4533997219536,5336,37560,19780,12.64,79.9878048780488,82.6,77.5,11.58 ,25.1,1349.85300960775,18.6 ,15.06 ,94.0,0.0,88.0
Greece,GRC,2010,99,99,0,7.87494977728448,99,5350,1204,9.67,80.3878048780488,83,77.9,8.33 ,36.7,1711.86163174536,20.9 ,19.7 ,99.0,0.0,95.0
Hungary,HUN,2010,99,99,0,4.7879890944366,26,5000,1749,12.09,74.2073170731707,78.1,70.5,10.7 ,29.7,1684.0472792307,22.5 ,19.48 ,99.0,99.0,0.0
Iceland,ISL,2010,96,93,0,6.16272756703372,3,350,81,7.5,81.8975609756097,84.1,79.8,6.79 ,18.2,1548.21100917431,18.1 ,6.91 ,96.0,0.0,0.0
Ireland,IRL,2010,94,90,0,8.81329661529246,59,8940,1192,12.07,80.7439024390244,83.1,78.5,11.57 ,26.1,1600.8589353273,21.2 ,9.9 ,94.0,30.0,46.0
Italy,ITA,2010,96,91,0,6.83683617681371,987,16820,14097,7.34,82.0365853658537,84.7,79.5,6.95 ,19.6,1776.8,17.8 ,20.11 ,96.0,0.0,96.0
Latvia,LVA,2010,92,95,0,4.06187225496527,0,1730,1345,11.63,73.4829268292683,78.4,68.8,9.83 ,25.1,1663.58239099819,18.9 ,16.48 ,92.0,92.0,91.0
Lithuania,LTU,2010,95,96,0,4.06808304231571,0,3820,1293,15.25,73.2682926829268,78.8,68,13.22 ,23.2,1656.32784432848,21.4 ,13.87 ,95.0,99.0,94.0
Luxembourg,LUX,2010,99,96,0,21.757440498372,0,370,145,12.98,80.6317073170732,83.5,77.9,11.84 ,22.5,1519.8214879172,18.9 ,12.38 ,96.0,0.0,94.0
Malta,MLT,2010,76,73,0,6.24837135632921,0,60,173,6.58,81.3975609756098,83.6,79.3,6.99 ,23.9,0.0,26.2 ,17.17 ,76.0,0.0,75.0
Netherlands,NLD,2010,97,96,0,10.2982812571494,159,8350,4612,10.21,80.7024390243902,82.7,78.8,9.34 ,25.0,1356.632553738,17.4 ,15.01 ,97.0,0.0,0.0
North Macedonia,MKD,2010,95,98,0,4.20437154541925,0,570,185,5.93,74.9975609756098,77.2,72.9,0,0.0,0.0,0,0,0.0,0.0,0.0
Norway,NOR,2010,93,93,0,8.46959818136028,157,3330,465,8.94,80.9975609756098,83.2,78.9,6.59 ,25.8,1429.8,20.2 ,7.86 ,93.0,0.0,0.0
Poland,POL,2010,99,98,0,8.24702807670685,273,21560,2036,11.21,76.2463414634146,80.6,72.1,10.07 ,25.9,1741.11909662022,20.6 ,26.32 ,96.0,93.0,98.0
Portugal,PRT,2010,98,96,0,4.81788677178018,161,3360,1052,12.51,79.0268292682927,82.1,76.1,11.26 ,17.4,1710.43342741605,17 ,10.55 ,97.0,96.0,97.0
Romania,ROU,2010,94,95,0,3.83367892977547,2,9190,758,13.97,73.4585365853659,77.3,69.8,10.01 ,21.6,0.0,19.7 ,18.06 ,94.0,99.0,98.0
Serbia,SRB,2010,91,95,0,6.45963270803187,0,4260,7204,11.69,74.3365853658537,77,71.8,8.87 ,39.1,0.0,18.2 ,29.42 ,91.0,99.0,89.0
Slovak Republic,SVK,2010,99,98,0,6.57154288347648,0,2460,1522,12,75.1121951219512,78.8,71.6,0,0.0,1714.32860230321,0,0,0.0,0.0,0.0
Slovenia,SVN,2010,96,95,0,7.70288522992293,2,820,539,11.54,79.4219512195122,82.7,76.3,10.33 ,21.3,1636.0,16.8 ,19.69 ,96.0,0.0,0.0
Spain,ESP,2010,97,95,0,5.86664242575026,944,20700,9968,10.03,81.6268292682927,84.7,78.7,8.94 ,27.9,1644.0,21.4 ,12.72 ,97.0,0.0,97.0
Sweden,SWE,2010,98,97,0,5.13215551466415,166,5430,1593,9.49,81.4512195121951,83.5,79.5,7.38 ,26.7,1483.01758914872,16.4 ,7.52 ,98.0,23.0,0.0
Switzerland,CHE,2010,95,92,0,5.7777028569243,378,2560,2277,11.41,82.2463414634147,84.5,80.1,10.01 ,23.3,1611.23500886904,15.3 ,12.76 ,96.0,0.0,0.0
Turkiye,TUR,2010,97,97,90,4.05913771362869,1972,26260,4695,2.32,75.069,78.221,71.927,0,0.0,0.0,0,0,0.0,0.0,0.0
United Kingdom,GBR,2010,94,89,0,7.68628233356203,557,29010,13279,12.06,80.4024390243902,82.4,78.5,0,0.0,1470.68975819232,0,0,0.0,0.0,0.0
Albania,ALB,2011,99,99,87,1.66942319005525,0,1150,0,0,78.092,80.798,75.693,5.03 ,0.0,0.0,18.1 ,23 ,99.0,97.0,99.0
Austria,AUT,2011,89,84,0,8.13547438124649,0,3780,0,0,80.9829268292683,83.8,78.3,11.9 ,0.0,1468.0,16.7 ,15.99 ,89.0,0.0,89.0
Belgium,BEL,2011,98,95,0,8.74050515161928,0,4940,0,0,80.5853658536585,83.3,78,10.14 ,0.0,1443.0,19.9 ,16.29 ,98.0,0.0,97.0
Bulgaria,BGR,2011,95,95,0,6.75527812444523,0,4360,0,0,74.1634146341463,77.8,70.7,9.88 ,0.0,0.0,22.7 ,24.29 ,95.0,98.0,96.0
Croatia,HRV,2011,96,96,0,4.44561577421354,0,2630,0,0,76.7756097560976,79.9,73.8,11.01 ,0.0,0.0,21.2 ,22.07 ,96.0,99.0,96.0
Cyprus,CYP,2011,99,87,0,6.66325508690257,0,380,0,0,79.999,82.336,77.736,10.71 ,0.0,0.0,19.6 ,17.57 ,99.0,0.0,96.0
Czechia,CZE,2011,99,98,0,10.4010178048188,0,4710,0,0,77.8731707317073,81.1,74.8,12.56 ,0.0,0.0,24 ,20.8 ,99.0,0.0,99.0
Denmark,DNK,2011,91,87,0,7.73708668950354,0,4970,0,0,79.8,81.9,77.8,10.45 ,0.0,1412.80068596507,15.7 ,12.98 ,91.0,0.0,0.0
Estonia,EST,2011,93,94,0,13.6880113333222,0,1320,0,0,76.2292682926829,81.3,71.4,16.27 ,0.0,1806.0,18.3 ,7.65 ,93.0,99.0,94.0
Finland,FIN,2011,99,97,0,10.2296244383886,0,4750,0,0,80.4707317073171,83.8,77.3,9.81 ,0.0,1521.0,19.2 ,7.03 ,99.0,0.0,0.0
France,FRA,2011,99,89,0,5.12875996093606,0,36730,0,0,82.1146341463415,85.7,78.7,12.35 ,0.0,1445.2938842299,19.6 ,14.72 ,99.0,0.0,74.0
Germany,DEU,2011,95,97,0,9.29903629464176,0,36010,0,0,80.4365853658537,83.1,77.9,11.33 ,0.0,1353.49315179512,18.9 ,15.42 ,94.0,0.0,87.0
Greece,GRC,2011,99,99,0,7.61375705008733,0,5900,0,0,80.7317073170732,83.6,78,7.48 ,0.0,1726.19239762868,21.4 ,19.55 ,99.0,0.0,95.0
Hungary,HUN,2011,99,99,0,4.70430045341315,0,5290,0,0,74.8585365853659,78.7,71.2,11.37 ,0.0,1674.93567459841,22.9 ,20.29 ,99.0,99.0,0.0
Iceland,ISL,2011,95,94,0,5.92450483582191,0,350,0,0,82.3585365853659,84.1,80.7,6.84 ,0.0,1558.07268007787,18.3 ,7.46 ,95.0,0.0,0.0
Ireland,IRL,2011,95,92,0,8.00858680870827,0,8820,0,0,80.7463414634146,83,78.6,11.49 ,0.0,1599.20619739862,21.8 ,10.6 ,95.0,41.0,95.0
Italy,ITA,2011,96,90,0,6.6805941975212,0,16280,0,0,82.1878048780488,84.8,79.7,6.98 ,0.0,1772.6,18.2 ,20.73 ,96.0,0.0,96.0
Latvia,LVA,2011,92,92,0,3.8354933125832,0,1750,0,0,73.5756097560976,78.8,68.6,10.11 ,0.0,1674.91365293481,19.4 ,15.06 ,92.0,93.0,89.0
Lithuania,LTU,2011,92,94,0,3.91332574273754,0,4160,0,0,73.5634146341464,79.3,68.1,14.76 ,0.0,1630.55152067387,21.8 ,12.77 ,92.0,98.0,95.0
Luxembourg,LUX,2011,99,96,0,21.0283837246676,0,380,0,0,80.9878048780488,83.6,78.5,11.74 ,0.0,1519.52902121479,19.2 ,12.63 ,96.0,0.0,95.0
Malta,MLT,2011,96,84,0,6.17390703403288,0,50,0,0,80.7463414634146,83,78.6,6.89 ,0.0,0.0,26.7 ,16.46 ,96.0,0.0,82.0
Netherlands,NLD,2011,97,96,0,9.51113044083199,0,8210,0,0,81.2048780487805,83.1,79.4,8.95 ,0.0,1358.15515851693,18 ,15.53 ,97.0,0.0,20.0
North Macedonia,MKD,2011,96,97,0,4.62463934750018,0,570,0,0,75.1,77.2,73.1,0,0.0,0.0,0,0,0.0,0.0,0.0
Norway,NOR,2011,94,93,0,7.9950120963167,0,3300,0,0,81.2951219512195,83.6,79.1,6.44 ,0.0,1434.7,20.8 ,8.32 ,94.0,0.0,0.0
Poland,POL,2011,99,98,0,8.1598380469009,0,21250,0,0,76.6951219512195,81.1,72.5,10.24 ,0.0,1734.20058813755,20.9 ,27.02 ,96.0,94.0,98.0
Portugal,PRT,2011,97,97,0,4.72362922227151,0,3090,0,0,80.4707317073171,83.8,77.3,10.86 ,0.0,1688.21416739058,17.5 ,10.68 ,97.0,97.0,97.0
Romania,ROU,2011,89,93,0,4.17222388565951,0,9110,0,0,74.409756097561,78.2,70.8,9.58 ,0.0,0.0,20 ,18.68 ,89.0,99.0,96.0
Serbia,SRB,2011,94,93,0,7.08173879597671,0,4380,0,0,74.5365853658537,77.2,72,8.55 ,0.0,0.0,18.6 ,30.68 ,94.0,99.0,94.0
Slovak Republic,SVK,2011,99,98,0,6.32040976186296,0,2140,0,0,75.9585365853659,79.8,72.3,0,0.0,1704.57428356934,0,0,0.0,0.0,0.0
Slovenia,SVN,2011,96,96,0,7.64793011899356,0,830,0,0,79.9707317073171,83.3,76.8,10.61 ,0.0,1622.0,17.2 ,20.55 ,96.0,0.0,0.0
Spain,ESP,2011,97,97,0,5.87043562968744,0,19650,0,0,82.4756097560976,85.6,79.5,8.74 ,0.0,1645.0,21.7 ,13.09 ,97.0,0.0,97.0
Sweden,SWE,2011,98,97,0,4.71785341605218,0,5190,0,0,81.8024390243903,83.8,79.9,7.31 ,0.0,1483.8625893551,16.7 ,7.76 ,98.0,23.0,29.0
Switzerland,CHE,2011,96,93,0,5.2057541375837,0,2510,0,0,82.6951219512195,85,80.5,9.99 ,0.0,1608.30928393012,15.5 ,13 ,96.0,0.0,0.0
Turkiye,TUR,2011,97,98,90,4.28345008499495,0,26140,0,0,74.941,78.144,71.779,0,0.0,0.0,0,0,0.0,0.0,0.0
United Kingdom,GBR,2011,95,90,0,7.04391999055769,0,28050,0,0,80.9512195121951,83,79,0,0.0,1481.98827105935,0,0,0.0,0.0,0.0
Albania,ALB,2012,99,98,87,1.50324046003101,0,1150,0,0,78.064,80.703,75.73,4.43 ,0.0,0.0,18.8 ,21.7 ,99.0,96.0,99.0
Austria,AUT,2012,92,88,0,7.72361448670012,0,3830,0,0,80.9365853658537,83.6,78.4,12.1 ,0.0,1453.0,17 ,14.25 ,92.0,0.0,92.0
Belgium,BEL,2012,99,96,0,8.5775258769088,0,4950,0,0,80.3853658536585,83.1,77.8,10.09 ,0.0,1440.0,20.1 ,14.64 ,99.0,0.0,98.0
Bulgaria,BGR,2012,95,94,0,6.16215310962387,0,3450,0,0,74.3146341463415,77.9,70.9,10.88 ,0.0,0.0,23.1 ,22.22 ,95.0,97.0,95.0
Croatia,HRV,2012,96,95,0,4.07961645686177,0,2330,0,0,76.9243902439024,80.1,73.9,10.58 ,0.0,0.0,21.8 ,19.89 ,96.0,99.0,96.0
Cyprus,CYP,2012,99,86,0,6.13891580228936,0,380,0,0,80.109,82.15,78.091,10.58 ,0.0,0.0,20.1 ,16.23 ,99.0,0.0,96.0
Czechia,CZE,2012,99,98,0,10.091539280351,0,5140,0,0,78.0756097560976,81.2,75.1,12.83 ,0.0,0.0,24.5 ,18.8 ,99.0,0.0,99.0
Denmark,DNK,2012,94,90,0,6.83528732540744,0,5000,0,0,80.0512195121951,82.1,78.1,9.23 ,0.0,1400.97237774206,16 ,11.44 ,94.0,0.0,0.0
Estonia,EST,2012,94,94,0,12.7693736048558,0,1350,0,0,76.3268292682927,81.5,71.4,16.96 ,0.0,1775.0,18.7 ,7.38 ,94.0,97.0,94.0
Finland,FIN,2012,99,97,0,9.12638797795779,0,4780,0,0,80.6268292682927,83.7,77.7,9.27 ,0.0,1513.0,19.5 ,6.33 ,99.0,0.0,0.0
France,FRA,2012,99,91,0,5.15395169929832,0,37300,0,0,81.9682926829268,85.4,78.7,12.22 ,0.0,1439.77200589005,20 ,13.29 ,99.0,0.0,78.0
Germany,DEU,2012,95,97,0,9.45131770529489,0,36100,0,0,80.5390243902439,83.1,78.1,11.32 ,0.0,1336.10488839107,19.2 ,13.76 ,94.0,0.0,87.0
Greece,GRC,2012,99,99,0,7.25123735394112,0,5100,0,0,80.6341463414634,83.4,78,7.62 ,0.0,1737.00433448151,22 ,17.7 ,99.0,0.0,98.0
Hungary,HUN,2012,99,99,0,4.37786446756437,0,5160,0,0,75.0634146341463,78.7,71.6,11.13 ,0.0,1665.52326458591,23.2 ,18.1 ,99.0,99.0,0.0
Iceland,ISL,2012,89,90,0,5.7995236106247,0,360,0,0,82.9170731707317,84.3,81.6,6.82 ,0.0,1541.72084130019,18.5 ,6.64 ,89.0,0.0,0.0
Ireland,IRL,2012,95,92,0,8.07255890285279,0,9320,0,0,80.8463414634146,83.1,78.7,11.38 ,0.0,1602.68459814281,22.4 ,9.43 ,95.0,42.0,95.0
Italy,ITA,2012,97,90,0,6.32770894762567,0,16730,0,0,82.2390243902439,84.8,79.8,7.48 ,0.0,1733.6,18.5 ,18.52 ,96.0,0.0,96.0
Latvia,LVA,2012,91,90,0,3.72114706280646,0,1820,0,0,73.7780487804878,78.9,68.9,10.2 ,0.0,1665.96298022594,19.8 ,14.35 ,91.0,94.0,90.0
Lithuania,LTU,2012,93,93,0,3.99294066355637,0,3980,0,0,73.8634146341464,79.6,68.4,14.97 ,0.0,1629.43284416865,22.3 ,12.19 ,93.0,98.0,93.0
Luxembourg,LUX,2012,99,99,0,20.1338734643133,0,360,0,0,81.3926829268293,83.8,79.1,11.67 ,0.0,1512.81423991901,19.5 ,11.32 ,99.0,0.0,94.0
Malta,MLT,2012,99,93,0,6.47575882705493,0,60,0,0,80.7463414634146,83,78.6,7.18 ,0.0,0.0,27.1 ,14.39 ,99.0,0.0,93.0
Netherlands,NLD,2012,97,96,0,9.39840992899316,0,8290,0,0,81.1048780487805,83,79.3,9 ,0.0,1348.14418918919,18.5 ,13.75 ,97.0,0.0,20.0
North Macedonia,MKD,2012,95,96,0,4.39097864515986,0,540,0,0,74.9024390243903,76.9,73,0,0.0,0.0,0,0,0.0,0.0,0.0
Norway,NOR,2012,95,94,0,7.66951116950312,0,3290,0,0,81.4512195121951,83.5,79.5,6.21 ,0.0,1431.1,21.1 ,7.33 ,95.0,0.0,0.0
Poland,POL,2012,99,98,0,7.96964766522079,0,21680,0,0,76.7463414634146,81.1,72.6,10.21 ,0.0,1725.85888828628,21.2 ,24.47 ,95.0,94.0,97.0
Portugal,PRT,2012,98,97,0,4.58589791923714,0,3100,0,0,80.3731707317073,83.6,77.3,9.76 ,0.0,1676.56340725661,18.1 ,9.43 ,98.0,99.0,98.0
Romania,ROU,2012,91,94,0,4.08065887182474,0,8380,0,0,74.4121951219512,78.1,70.9,9.66 ,0.0,0.0,20.3 ,16.96 ,92.0,99.0,96.0
Serbia,SRB,2012,91,87,0,6.3605377349801,0,4880,0,0,74.8365853658537,77.5,72.3,8.78 ,0.0,0.0,19.1 ,27.88 ,93.0,98.0,97.0
Slovak Republic,SVK,2012,99,99,0,5.98234412740361,0,2030,0,0,76.109756097561,79.9,72.5,0,0.0,1701.20289587634,0,0,0.0,0.0,0.0
Slovenia,SVN,2012,96,95,0,7.34994226773871,0,820,0,0,80.1243902439024,83.3,77.1,10.95 ,0.0,1600.0,17.6 ,18.73 ,96.0,0.0,0.0
Spain,ESP,2012,96,97,0,5.75694679369718,0,19000,0,0,82.4268292682927,85.5,79.5,8.6 ,0.0,1626.0,21.9 ,11.83 ,96.0,0.0,96.0
Sweden,SWE,2012,98,98,0,4.42676161159845,0,5110,0,0,81.7048780487805,83.6,79.9,7.23 ,0.0,1471.37194201233,16.9 ,6.9 ,98.0,24.0,30.0
Switzerland,CHE,2012,96,93,0,5.31708634897664,0,2460,0,0,82.6975609756098,84.9,80.6,9.87 ,0.0,1592.56354785703,15.8 ,11.74 ,96.0,0.0,0.0
Turkiye,TUR,2012,97,96,90,4.36890533540618,0,28310,0,0,75.678,78.838,72.517,0,0.0,0.0,0,0,0.0,0.0,0.0
United Kingdom,GBR,2012,95,92,0,7.34346028155944,0,27660,0,0,80.9048780487805,82.8,79.1,0,0.0,1500.75525719473,0,0,0.0,0.0,0.0
Albania,ALB,2013,99,99,87,1.53363003912154,0,1120,0,0,78.123,80.781,75.786,4.28 ,0.0,0.0,19.5 ,19.77 ,99.0,99.0,99.0
Austria,AUT,2013,95,92,0,7.75369957604068,0,3850,0,0,81.1365853658537,83.8,78.6,12.1 ,0.0,1443.0,17.3 ,13.98 ,95.0,0.0,95.0
Belgium,BEL,2013,99,96,0,8.65547751219134,0,4840,0,0,80.5878048780488,83.2,78.1,10.33 ,0.0,1436.0,20.3 ,14.41 ,99.0,0.0,98.0
Bulgaria,BGR,2013,95,95,0,5.45896380820016,0,3780,0,0,74.8609756097561,78.6,71.3,10.32 ,0.0,0.0,23.4 ,21.16 ,95.0,97.0,95.0
Croatia,HRV,2013,96,94,0,3.99700265430152,0,1730,0,0,77.1268292682927,80.2,74.2,10.39 ,0.0,0.0,22.3 ,18.93 ,96.0,99.0,96.0
Cyprus,CYP,2013,99,86,0,5.51000526864372,0,340,0,0,80.402,82.405,78.409,9.07 ,0.0,0.0,20.5 ,16.12 ,99.0,0.0,96.0
Czechia,CZE,2013,98,99,0,9.62025725850339,0,4980,0,0,78.1756097560976,81.3,75.2,12.54 ,0.0,0.0,24.7 ,18.07 ,99.0,0.0,99.0
Denmark,DNK,2013,94,89,0,7.11673784909108,0,4910,0,0,80.3,82.4,78.3,9.44 ,0.0,1402.70600024123,16.2 ,10.97 ,94.0,0.0,0.0
Estonia,EST,2013,94,94,0,14.6586067303827,0,1370,0,0,77.1414634146341,81.7,72.8,17.75 ,0.0,1761.0,19.1 ,7.63 ,94.0,96.0,93.0
Finland,FIN,2013,98,97,0,9.2278464803108,0,4880,0,0,80.9756097560976,84.1,78,9.08 ,0.0,1509.0,19.7 ,6.2 ,98.0,0.0,0.0
France,FRA,2013,99,90,0,5.12951903165955,0,38280,0,0,82.219512195122,85.6,79,11.73 ,0.0,1427.37394940757,20.3 ,12.95 ,99.0,0.0,82.0
Germany,DEU,2013,93,97,0,9.62420735034554,0,36730,0,0,80.490243902439,83,78.1,11.08 ,0.0,1326.65222559768,19.5 ,13.27 ,93.0,0.0,87.0
Greece,GRC,2013,99,99,0,6.60999622870309,0,4800,0,0,81.2853658536585,84,78.7,7.55 ,0.0,1735.88807014703,22.5 ,17.32 ,99.0,0.0,98.0
Hungary,HUN,2013,99,99,0,4.12005058904123,0,5550,0,0,75.5658536585366,79.1,72.2,10.73 ,0.0,1662.07953762209,23.6 ,17.41 ,99.0,99.0,0.0
Iceland,ISL,2013,91,91,0,6.26999904680499,0,350,0,0,82.0609756097561,83.7,80.5,6.8 ,0.0,1540.55279503106,18.7 ,6.39 ,91.0,0.0,0.0
Ireland,IRL,2013,96,93,0,7.72305798597364,0,9260,0,0,80.9487804878049,83.1,78.9,10.51 ,0.0,1614.78319215381,23.1 ,9.33 ,96.0,76.0,95.0
Italy,ITA,2013,96,90,0,5.75190574350328,0,16560,0,0,82.690243902439,85.2,80.3,7.35 ,0.0,1719.1,18.9 ,17.91 ,96.0,0.0,96.0
Latvia,LVA,2013,94,96,0,3.70159288204297,0,1840,0,0,73.9829268292683,78.9,69.3,10.43 ,0.0,1660.39246022764,20.2 ,15.06 ,94.0,94.0,94.0
Lithuania,LTU,2013,93,93,0,3.83069346496745,0,3740,0,0,73.9146341463415,79.6,68.5,14.92 ,0.0,1616.2186559015,22.7 ,12.65 ,93.0,98.0,93.0
Luxembourg,LUX,2013,99,99,0,18.6800640800396,0,360,0,0,81.8,83.9,79.8,11.25 ,0.0,1503.71156178431,19.8 ,11.03 ,99.0,0.0,94.0
Malta,MLT,2013,99,99,0,5.56381101249411,0,70,0,0,81.7463414634146,84,79.6,7.32 ,0.0,0.0,27.6 ,14.31 ,99.0,0.0,94.0
Netherlands,NLD,2013,97,96,0,9.34812889468034,0,8200,0,0,81.3048780487805,83.2,79.5,8.59 ,0.0,1352.79590996431,19 ,13.2 ,97.0,0.0,51.0
North Macedonia,MKD,2013,98,96,0,3.94373747273431,0,550,0,0,75.4,77.5,73.4,0,0.0,0.0,0,0,0.0,0.0,0.0
Norway,NOR,2013,94,93,0,7.77616764078752,0,3280,0,0,81.7512195121951,83.8,79.8,6.21 ,0.0,1421.3,21.5 ,7.13 ,94.0,0.0,0.0
Poland,POL,2013,99,98,0,7.84170480596286,0,20800,0,0,77,81.2,73,10.8 ,0.0,1721.32434228409,21.4 ,23.36 ,95.0,93.0,96.0
Portugal,PRT,2013,98,98,0,4.45239436903052,0,3110,0,0,80.7219512195122,84,77.6,9.52 ,0.0,1689.0951715416,18.6 ,9.44 ,98.0,99.0,98.0
Romania,ROU,2013,92,92,0,3.60744114403132,0,8580,0,0,75.0634146341463,78.7,71.6,9.65 ,0.0,0.0,20.6 ,15.96 ,88.0,98.0,96.0
Serbia,SRB,2013,95,92,0,6.48648031899791,0,4890,0,0,75.1853658536585,77.9,72.6,7.94 ,0.0,0.0,19.6 ,26.17 ,97.0,97.0,91.0
Slovak Republic,SVK,2013,98,98,0,6.08121342177546,0,1940,0,0,76.4121951219512,80.1,72.9,0,0.0,1686.103816975,0,0,0.0,0.0,0.0
Slovenia,SVN,2013,95,94,0,7.06326804093826,0,790,0,0,80.3219512195122,83.6,77.2,9.53 ,0.0,1619.0,18.1 ,17.98 ,95.0,0.0,0.0
Spain,ESP,2013,96,95,0,5.20827462861938,0,19560,0,0,83.0780487804878,86.1,80.2,8.55 ,0.0,1612.0,22.1 ,11.22 ,96.0,0.0,95.0
Sweden,SWE,2013,98,97,0,4.22275005138102,0,5140,0,0,81.9560975609756,83.8,80.2,7.32 ,0.0,1462.89289906718,17.2 ,6.61 ,98.0,27.0,35.0
Switzerland,CHE,2013,96,93,0,5.38115179883478,0,2480,0,0,82.7975609756098,85,80.7,9.74 ,0.0,1572.68872051852,16.1 ,11.38 ,96.0,0.0,0.0
Turkiye,TUR,2013,98,98,90,4.15495099376394,0,30780,0,0,76.297,79.398,73.162,0,0.0,0.0,0,0,0.0,0.0,0.0
United Kingdom,GBR,2013,95,93,0,7.07581833313404,0,27670,0,0,81.0048780487805,82.9,79.2,0,0.0,1504.71171064181,0,0,0.0,0.0,0.0
Albania,ALB,2014,98,98,92,1.66833737091547,0,1140,0,0,78.407,81.013,76.114,4.1 ,0.0,0.0,20.2 ,19.13 ,98.0,99.0,98.0
Austria,AUT,2014,98,96,0,7.26040422807808,0,3930,0,0,81.490243902439,84,79.1,12.4 ,0.0,1438.0,17.7 ,12.98 ,98.0,0.0,98.0
Belgium,BEL,2014,99,96,0,8.04171121528318,0,4820,0,0,81.2878048780488,83.9,78.8,10.57 ,0.0,1434.0,20.5 ,13.13 ,99.0,0.0,98.0
Bulgaria,BGR,2014,88,93,0,5.82092471406323,0,3850,0,0,74.4658536585366,78,71.1,10.3 ,0.0,0.0,23.7 ,21.17 ,88.0,97.0,95.0
Croatia,HRV,2014,95,94,0,3.83164446942416,0,1700,0,0,77.4780487804878,80.5,74.6,9.5 ,0.0,0.0,22.9 ,19.1 ,95.0,98.0,95.0
Cyprus,CYP,2014,99,86,0,5.78592087713163,0,340,0,0,80.771,82.723,78.817,9.63 ,0.0,0.0,20.9 ,14.88 ,99.0,0.0,96.0
Czechia,CZE,2014,97,99,0,9.26430284305406,0,5100,0,0,78.8243902439024,82,75.8,12.75 ,0.0,0.0,25 ,18.28 ,99.0,0.0,99.0
Denmark,DNK,2014,94,90,0,6.34715307409428,0,5090,0,0,80.7,82.8,78.7,9.55 ,0.0,1391.12569915217,16.5 ,10.39 ,94.0,0.0,0.0
Estonia,EST,2014,93,93,0,13.6473080298184,0,1400,0,0,77.0341463414634,81.9,72.4,17.29 ,0.0,1757.0,19.5 ,7.85 ,93.0,95.0,93.0
Finland,FIN,2014,98,96,0,8.45187190789146,0,4980,0,0,81.1804878048781,84.1,78.4,8.76 ,0.0,1506.0,20 ,5.77 ,98.0,0.0,0.0
France,FRA,2014,98,91,0,4.61605285360078,0,38530,0,0,82.719512195122,86.1,79.5,12.07 ,0.0,1421.86100559572,20.5 ,11.88 ,98.0,0.0,83.0
Germany,DEU,2014,93,97,0,9.08850689674467,0,37620,0,0,81.090243902439,83.6,78.7,11.07 ,0.0,1333.75848099943,19.8 ,12.47 ,93.0,0.0,87.0
Greece,GRC,2014,99,97,0,6.38517866075752,0,4670,0,0,81.3853658536585,84.1,78.8,7.06 ,0.0,1707.26885576668,23 ,15.61 ,99.0,0.0,96.0
Hungary,HUN,2014,99,99,0,4.11798842991385,0,5390,0,0,75.7634146341463,79.4,72.3,10.92 ,0.0,1679.92496379564,23.9 ,17.68 ,99.0,99.0,0.0
Iceland,ISL,2014,90,90,0,6.26172149180564,0,370,0,0,82.8609756097561,84.5,81.3,7.01 ,0.0,1529.55151515152,18.9 ,6.03 ,90.0,0.0,0.0
Ireland,IRL,2014,96,93,0,7.62816275260038,0,9210,0,0,81.3487804878049,83.5,79.3,10.88 ,0.0,1625.16076712435,23.7 ,8.74 ,96.0,74.0,95.0
Italy,ITA,2014,95,87,0,5.38747546025491,0,16200,0,0,83.090243902439,85.6,80.7,7.56 ,0.0,1716.3,19.1 ,16.69 ,95.0,0.0,95.0
Latvia,LVA,2014,92,95,0,3.65135215876578,0,1880,0,0,74.1243902439024,79.4,69.1,10.6 ,0.0,1670.37955612713,20.7 ,15.39 ,92.0,92.0,92.0
Lithuania,LTU,2014,93,93,0,3.70349265855099,0,3810,0,0,74.5170731707317,80.1,69.2,14.9 ,0.0,1611.81190994512,23.2 ,12.92 ,93.0,98.0,94.0
Luxembourg,LUX,2014,99,99,0,17.3461622172356,0,360,0,0,82.2292682926829,85.2,79.4,11.42 ,0.0,1508.10155239327,20.1 ,10.27 ,99.0,0.0,94.0
Malta,MLT,2014,99,98,0,5.43080531274497,0,70,0,0,82.0463414634146,84.3,79.9,7.14 ,0.0,0.0,28.1 ,13.9 ,99.0,0.0,90.0
Netherlands,NLD,2014,96,96,0,8.88170306744788,0,8500,0,0,81.7073170731707,83.5,80,8.38 ,0.0,1362.25383022774,19.3 ,12.49 ,96.0,0.0,94.0
North Macedonia,MKD,2014,95,93,0,3.72435686365862,0,560,0,0,75.4512195121951,77.5,73.5,0,0.0,0.0,0,0,0.0,0.0,0.0
Norway,NOR,2014,93,94,0,7.61304932507459,0,3330,0,0,82.1,84.2,80.1,6.06 ,0.0,1424.1,21.8 ,6.62 ,93.0,0.0,0.0
Poland,POL,2014,98,97,0,7.51688948127014,0,20290,0,0,77.6024390243903,81.7,73.7,10.45 ,0.0,1726.44764482295,21.7 ,23.45 ,94.0,92.0,96.0
Portugal,PRT,2014,98,98,0,4.41589525234787,0,3240,0,0,81.1219512195122,84.4,78,10.2 ,0.0,1697.59072929647,19.2 ,7.9 ,98.0,99.0,98.0
Romania,ROU,2014,94,89,0,3.59335357757559,0,8310,0,0,74.909756097561,78.7,71.3,9.48 ,0.0,0.0,20.9 ,15.96 ,94.0,98.0,94.0
Serbia,SRB,2014,93,86,0,5.46379410085142,0,4140,0,0,75.3365853658537,78,72.8,7.19 ,0.0,0.0,20.1 ,26.27 ,93.0,98.0,92.0
Slovak Republic,SVK,2014,97,97,0,5.61763652417007,0,2010,0,0,76.8121951219512,80.5,73.3,0,0.0,1676.2953146465,0,0,0.0,0.0,0.0
Slovenia,SVN,2014,95,94,0,6.35796644811162,0,790,0,0,81.0780487804878,84.1,78.2,10.92 ,0.0,1633.0,18.5 ,17.91 ,95.0,0.0,0.0
Spain,ESP,2014,97,96,0,5.18406700444856,0,20360,0,0,83.2292682926829,86.2,80.4,7.85 ,0.0,1609.0,22.3 ,10.31 ,97.0,0.0,96.0
Sweden,SWE,2014,97,97,0,4.0304825162931,0,5350,0,0,82.2536585365854,84.2,80.4,7.2 ,0.0,1464.35975425907,17.5 ,6.3 ,97.0,26.0,42.0
Switzerland,CHE,2014,96,94,0,4.8591655248048,0,2450,0,0,83.1975609756098,85.4,81.1,9.62 ,0.0,1564.47038560536,16.3 ,10.51 ,96.0,0.0,0.0
Turkiye,TUR,2014,96,94,90,4.3609137687133,0,30610,0,0,76.565,79.623,73.468,0,0.0,0.0,0,0,0.0,0.0,0.0
United Kingdom,GBR,2014,95,93,0,6.4332077800625,0,28470,0,0,81.3048780487805,83.2,79.5,0,0.0,1511.55682689085,0,0,0.0,0.0,0.0
Albania,ALB,2015,99,97,92,1.60377514987108,0,1190,0,6.74,78.644,81.183,76.404,4.33 ,25.1,0.0,20.9 ,18.98 ,99.0,99.0,99.0
Austria,AUT,2015,93,96,0,7.31715887345687,0,3950,0,12.07,81.190243902439,83.7,78.8,11.6 ,29.3,1420.0,18 ,13.63 ,93.0,0.0,93.0
Belgium,BEL,2015,99,96,0,8.43785199879601,0,4780,0,11.82,80.9926829268293,83.4,78.7,10.36 ,22.5,1431.0,20.7 ,13.28 ,99.0,0.0,98.0
Bulgaria,BGR,2015,91,92,0,6.20786531681232,0,4030,0,12.34,74.6146341463415,78.2,71.2,10.89 ,36.7,0.0,24 ,20.41 ,91.0,96.0,92.0
Croatia,HRV,2015,94,93,0,3.94899243160624,0,1840,0,9.07,77.2756097560976,80.4,74.3,9.64 ,33.7,0.0,23.5 ,18.65 ,94.0,98.0,94.0
Cyprus,CYP,2015,97,90,0,5.76948984623052,0,350,0,10.76,80.966,82.873,79.051,9.59 ,22.7,0.0,21.4 ,15.13 ,97.0,0.0,97.0
Czechia,CZE,2015,97,99,0,9.4006680021085,0,5550,0,14.25,78.5780487804878,81.6,75.7,12.76 ,26.9,0.0,25.2 ,17.52 ,97.0,0.0,97.0
Denmark,DNK,2015,93,91,0,5.92946275425465,0,5260,0,10.36,80.7024390243902,82.7,78.8,9.42 ,20.3,1379.93548011519,16.7 ,10.73 ,93.0,0.0,0.0
Estonia,EST,2015,93,93,0,11.8138340162801,0,1420,0,12.39,77.590243902439,82.2,73.2,16.72 ,24.7,1756.0,19.9 ,6.75 ,93.0,95.0,91.0
Finland,FIN,2015,97,95,0,7.81453735635845,0,4960,0,11.18,81.4804878048781,84.4,78.7,8.52 ,18.0,1505.0,20.3 ,5.83 ,97.0,0.0,0.0
France,FRA,2015,97,91,0,4.67780722830743,0,39150,0,12.64,82.3219512195122,85.6,79.2,11.87 ,31.4,1422.21671624761,20.8 ,12.21 ,97.0,0.0,88.0
Germany,DEU,2015,93,97,0,9.08729090938286,0,36740,0,13.06,80.6414634146341,83.1,78.3,11.06 ,22.3,1336.7,20.1 ,12.64 ,92.0,0.0,87.0
Greece,GRC,2015,99,97,0,6.28506953972522,0,4490,0,10.49,81.0365853658537,83.7,78.5,6.68 ,33.5,1706.06073998713,23.6 ,16.45 ,99.0,0.0,96.0
Hungary,HUN,2015,99,99,0,4.40718050056499,0,5370,0,11.6,75.5682926829269,79,72.3,10.95 ,28.7,1683.08111201584,24.3 ,17.16 ,99.0,99.0,0.0
Iceland,ISL,2015,92,93,0,6.22704515448072,0,380,0,8.74,82.4682926829268,83.8,81.2,7.66 ,14.9,1525.59341950646,19.2 ,6.43 ,92.0,0.0,0.0
Ireland,IRL,2015,95,93,0,7.88182481747302,0,9330,0,12.47,81.4536585365854,83.4,79.6,10.81 ,22.3,1616.76189321138,24.4 ,9.16 ,95.0,77.0,95.0
Italy,ITA,2015,93,85,0,5.56325946870661,0,16330,0,7.59,82.5439024390244,84.9,80.3,7.14 ,19.6,1717.5,19.3 ,17.28 ,93.0,0.0,93.0
Latvia,LVA,2015,94,96,0,3.70159303597947,0,1960,0,12.64,74.4804878048781,79.5,69.7,10.8 ,24.4,1632.92096480403,21.1 ,13.4 ,94.0,93.0,94.0
Lithuania,LTU,2015,93,94,0,3.81078921371891,0,3820,0,15.38,74.3219512195122,79.7,69.2,14.2 ,22.4,1632.03692209186,23.7 ,11.44 ,93.0,97.0,94.0
Luxembourg,LUX,2015,99,99,0,16.0286797747925,0,360,0,13.18,82.2926829268293,84.7,80,11.37 ,21.1,1516.32118430076,20.4 ,10.45 ,99.0,0.0,94.0
Malta,MLT,2015,97,89,0,3.72989276922389,0,70,0,7.56,81.8975609756097,84.1,79.8,7.37 ,22.8,0.0,28.3 ,13.85 ,97.0,0.0,95.0
Netherlands,NLD,2015,95,95,0,9.29225024589008,0,8830,0,9.55,81.509756097561,83.2,79.9,8.3 ,22.2,1355.84360902256,19.7 ,12.59 ,95.0,0.0,94.0
North Macedonia,MKD,2015,91,89,0,3.57931928562974,0,560,0,5.93,75.4024390243902,77.4,73.5,0,0.0,0.0,0,0,0.0,0.0,0.0
Norway,NOR,2015,95,95,0,7.61090629497798,0,3350,0,7.52,82.3048780487805,84.2,80.5,5.97 ,19.7,1426.6,22.2 ,6.82 ,95.0,0.0,0.0
Poland,POL,2015,98,96,0,7.61008927540369,0,20500,0,11.63,77.4512195121951,81.6,73.5,10.47 ,22.8,1733.11170838418,21.9 ,22.59 ,92.0,94.0,96.0
Portugal,PRT,2015,98,98,0,4.81266969600543,0,3230,0,11.88,81.1243902439025,84.3,78.1,10.34 ,18.7,1696.65018832152,19.8 ,8.68 ,98.0,32.0,98.0
Romania,ROU,2015,89,86,0,3.70011205782471,0,8530,0,11.64,74.9121951219512,78.6,71.4,9.45 ,20.8,0.0,21.3 ,15.41 ,89.0,98.0,90.0
Serbia,SRB,2015,95,86,0,6.39711758895163,0,3910,0,8.7,75.2878048780488,77.9,72.8,7.2 ,39.1,0.0,20.6 ,25.33 ,95.0,98.0,94.0
Slovak Republic,SVK,2015,96,95,0,5.6694557930868,0,1940,0,11.53,76.5634146341463,80.2,73.1,0,0.0,1672.05178858382,0,0,0.0,0.0,0.0
Slovenia,SVN,2015,95,94,0,6.36772616613116,0,800,0,12.74,80.7756097560976,83.9,77.8,11.49 ,20.4,1644.0,18.9 ,17.55 ,95.0,0.0,0.0
Spain,ESP,2015,97,96,0,5.51794435986542,0,20490,0,11.32,82.8317073170732,85.7,80.1,10.35 ,27.3,1614.0,22.5 ,11.11 ,97.0,0.0,97.0
Sweden,SWE,2015,98,98,0,3.99931163942689,0,5440,0,9.13,82.2048780487805,84.1,80.4,7.13 ,22.1,1465.87117288071,17.8 ,6.37 ,98.0,24.0,53.0
Switzerland,CHE,2015,96,94,0,4.7196487770674,0,2440,0,11.58,82.8975609756098,85.1,80.8,9.62 ,23.1,1576.61996224313,16.6 ,10.82 ,96.0,0.0,0.0
Turkiye,TUR,2015,97,97,90,4.41439884708455,0,31020,0,2.12,76.646,79.787,73.498,0,0.0,0.0,0,0,0.0,0.0,0.0
United Kingdom,GBR,2015,95,93,0,6.15944833302231,0,28360,0,11.21,80.9560975609756,82.8,79.2,0,0.0,1496.47847789237,0,0,0.0,0.0,0.0
Albania,ALB,2016,98,96,92,1.55766435847472,0,1220,0,0,78.86,81.377,76.639,4.38 ,0.0,0.0,21.6 ,18.15 ,98.0,99.0,98.0
Austria,AUT,2016,87,95,0,7.28881998322196,0,3960,0,0,81.6414634146342,84.1,79.3,11.7 ,0.0,1431.0,18.3 ,12.28 ,87.0,0.0,87.0
Belgium,BEL,2016,98,96,0,8.31493180826759,0,4620,0,0,81.4390243902439,84,79,9.42 ,0.0,1435.0,21 ,12.37 ,98.0,0.0,97.0
Bulgaria,BGR,2016,92,92,0,5.83488198114205,0,4050,0,0,74.8121951219512,78.5,71.3,11.13 ,0.0,0.0,24.3 ,19.63 ,92.0,96.0,91.0
Croatia,HRV,2016,93,90,0,4.04374410495304,0,1610,0,0,78.0219512195122,81.3,74.9,10 ,0.0,0.0,24.1 ,17.73 ,93.0,99.0,92.0
Cyprus,CYP,2016,97,90,0,6.02730971623362,0,350,0,0,81.056,83.185,78.945,9.59 ,0.0,0.0,21.6 ,13.67 ,97.0,0.0,97.0
Czechia,CZE,2016,96,98,0,9.62775004201401,0,5580,0,0,79.0268292682927,82.1,76.1,12.92 ,0.0,0.0,25.4 ,16.62 ,96.0,0.0,96.0
Denmark,DNK,2016,94,94,0,6.16619029904351,0,5240,0,0,80.8536585365854,82.8,79,9.51 ,0.0,1389.80435733225,17 ,9.78 ,94.0,0.0,0.0
Estonia,EST,2016,93,93,0,12.1523949650918,0,1360,0,0,77.6414634146342,82.2,73.3,15.61 ,0.0,1747.34174469383,20.3 ,6.2 ,93.0,95.0,93.0
Finland,FIN,2016,92,94,0,8.31619307669468,0,4880,0,0,81.4292682926829,84.4,78.6,8.44 ,0.0,1505.15608599404,20.6 ,5.39 ,92.0,0.0,0.0
France,FRA,2016,96,90,0,4.70474677978042,0,37650,0,0,82.5731707317073,85.8,79.5,11.74 ,0.0,1427.59900469332,21.1 ,11.24 ,96.0,0.0,90.0
Germany,DEU,2016,91,97,0,9.07300668592546,0,36070,0,0,80.990243902439,83.5,78.6,10.96 ,0.0,1333.9,20.4 ,11.66 ,91.0,0.0,88.0
Greece,GRC,2016,99,97,0,6.20361714727342,0,4470,0,0,81.3878048780488,84,78.9,6.68 ,0.0,1726.70086592117,24.2 ,15.17 ,99.0,0.0,96.0
Hungary,HUN,2016,99,99,0,4.50885431998682,0,5540,0,0,76.0634146341464,79.7,72.6,11.28 ,0.0,1701.57517718733,24.6 ,16.18 ,99.0,99.0,0.0
Iceland,ISL,2016,91,91,0,4.85930376381885,0,370,0,0,82.2048780487805,84.1,80.4,7.49 ,0.0,1532.99719887955,19.4 ,5.69 ,91.0,0.0,0.0
Ireland,IRL,2016,95,92,0,8.16346265716804,0,9380,0,0,81.6536585365854,83.6,79.8,11.3 ,0.0,1643.27488330172,25.1 ,8.08 ,95.0,18.0,95.0
Italy,ITA,2016,94,87,0,5.49816514509457,0,16320,0,0,83.2439024390244,85.6,81,7.1 ,0.0,1721.7,19.5 ,15.82 ,93.0,0.0,93.0
Latvia,LVA,2016,98,93,0,3.64882117325033,0,1940,0,0,74.580487804878,79.6,69.8,11.3 ,0.0,1632.23897669332,21.6 ,12.15 ,98.0,96.0,98.0
Lithuania,LTU,2016,94,94,0,3.90484581237184,0,3680,0,0,74.6707317073171,80.1,69.5,13.47 ,0.0,1657.85901386431,24.2 ,10.3 ,94.0,98.0,95.0
Luxembourg,LUX,2016,99,99,0,15.205820446707,0,360,0,0,82.6853658536585,85.4,80.1,11.25 ,0.0,1514.44933426484,20.7 ,9.75 ,99.0,0.0,94.0
Malta,MLT,2016,97,93,0,2.96471337556079,0,60,0,0,82.4536585365854,84.4,80.6,7.59 ,0.0,0.0,28.5 ,13.27 ,97.0,0.0,97.0
Netherlands,NLD,2016,95,94,0,9.30928186562696,0,8600,0,0,81.5609756097561,83.2,80,8.29 ,0.0,1365.71892255892,20 ,11.6 ,95.0,0.0,93.0
North Macedonia,MKD,2016,95,82,0,3.52233313103313,0,590,0,0,75.4,77.5,73.4,0,0.0,0.0,0,0,0.0,0.0,0.0
Norway,NOR,2016,96,96,0,7.40469149534718,0,3380,0,0,82.4073170731707,84.2,80.7,6.03 ,0.0,1430.0,22.5 ,6.33 ,96.0,0.0,0.0
Poland,POL,2016,98,96,0,7.895688724468,0,21420,0,0,77.8512195121951,82,73.9,10.43 ,0.0,1733.61649435009,22.2 ,21.34 ,92.0,93.0,95.0
Portugal,PRT,2016,98,98,0,4.72231126749059,0,3170,0,0,81.1243902439025,84.3,78.1,10.37 ,0.0,1697.90306955148,20.3 ,8.42 ,98.0,0.0,98.0
Romania,ROU,2016,89,86,0,3.63359182666089,0,8630,0,0,75.209756097561,79,71.6,9.57 ,0.0,0.0,21.6 ,14.85 ,89.0,84.0,90.0
Serbia,SRB,2016,92,82,0,6.60496913174049,0,4260,0,0,75.6878048780488,78.3,73.2,7.31 ,0.0,0.0,21.1 ,24.25 ,93.0,98.0,91.0
Slovak Republic,SVK,2016,96,95,0,5.80025255956859,0,2050,0,0,77.1658536585366,80.7,73.8,0,0.0,1657.80541485905,0,0,0.0,0.0,0.0
Slovenia,SVN,2016,94,92,0,6.73109777841337,0,810,0,0,81.1756097560976,84.3,78.2,10.51 ,0.0,1603.0,19.4 ,16.74 ,94.0,0.0,0.0
Spain,ESP,2016,97,97,0,5.31429458078119,0,20280,0,0,83.3292682926829,86.3,80.5,10.81 ,0.0,1620.0,22.8 ,10.04 ,97.0,0.0,97.0
Sweden,SWE,2016,98,97,0,3.90805871150926,0,5460,0,0,82.3073170731707,84.1,80.6,7.15 ,0.0,1478.11109158103,18.1 ,5.88 ,98.0,26.0,67.0
Switzerland,CHE,2016,96,94,0,4.73765637657829,0,2450,0,0,83.6024390243903,85.6,81.7,9.28 ,0.0,1577.04416248937,16.9 ,9.99 ,96.0,0.0,0.0
Turkiye,TUR,2016,98,98,90,4.62346085108821,0,33270,0,0,76.66,79.894,73.448,0,0.0,0.0,0,0,0.0,0.0,0.0
United Kingdom,GBR,2016,94,92,0,5.80400475200463,0,28100,0,0,81.1560975609756,83,79.4,0,0.0,1512.78599892733,0,0,0.0,0.0,0.0
Albania,ALB,2017,99,96,95,1.78878607422544,0,1190,0,0,79.047,81.504,76.873,4.39 ,0.0,0.0,0,19.01 ,99.0,99.0,99.0
Austria,AUT,2017,90,96,0,7.4861615826868,0,3890,0,0,81.6439024390244,84,79.4,11.6 ,0.0,1421.0,0,12.32 ,90.0,0.0,90.0
Belgium,BEL,2017,98,96,0,8.15109567890864,0,4570,0,0,81.4926829268293,83.9,79.2,9.3 ,0.0,1441.0,0,12.33 ,98.0,0.0,97.0
Bulgaria,BGR,2017,92,94,0,6.2012902397538,0,4120,0,0,74.8146341463415,78.4,71.4,10.93 ,0.0,0.0,0,20.3 ,92.0,96.0,92.0
Croatia,HRV,2017,92,89,0,4.22108594829621,0,1740,0,0,77.8268292682927,80.9,74.9,9.7 ,0.0,0.0,0,18.22 ,92.0,98.0,92.0
Cyprus,CYP,2017,97,90,0,6.09007866090625,0,360,0,0,81.328,83.415,79.246,9.59 ,0.0,0.0,0,14.6 ,97.0,0.0,97.0
Czechia,CZE,2017,96,97,0,9.61164734090237,0,5280,0,0,78.9780487804878,82,76.1,12.73 ,0.0,0.0,0,16.99 ,94.0,0.0,94.0
Denmark,DNK,2017,98,97,0,5.74676773694188,0,5250,0,0,81.1024390243903,83.1,79.2,9.3 ,0.0,1383.85454646369,0,9.97 ,98.0,0.0,0.0
Estonia,EST,2017,93,93,0,12.68422804928,0,1400,0,0,78.0926829268293,82.6,73.8,13.08 ,0.0,1756.50539146946,0,5.9 ,93.0,94.0,92.0
Finland,FIN,2017,89,94,0,7.81015415482472,0,4910,0,0,81.6317073170732,84.5,78.9,8.37 ,0.0,1502.22127202304,0,5.37 ,89.0,0.0,0.0
France,FRA,2017,96,90,0,4.74954259812627,0,38620,0,0,82.5756097560976,85.7,79.6,11.69 ,0.0,1416.45472724364,0,11.29 ,96.0,0.0,90.0
Germany,DEU,2017,91,97,0,8.85829384674551,0,34980,0,0,80.9926829268293,83.4,78.7,10.86 ,0.0,1331.2,0,11.78 ,91.0,0.0,88.0
Greece,GRC,2017,99,97,0,6.21125028945613,0,4530,0,0,81.2878048780488,83.9,78.8,6.67 ,0.0,1714.91964545261,0,15.2 ,99.0,0.0,96.0
Hungary,HUN,2017,99,99,0,4.744601547115,0,5570,0,0,75.8170731707317,79.3,72.5,10.79 ,0.0,1693.0980612176,0,16.62 ,99.0,99.0,0.0
Iceland,ISL,2017,89,92,0,4.86313324718888,0,380,0,0,82.6609756097561,84.3,81.1,7.75 ,0.0,1517.6886035313,0,5.75 ,89.0,0.0,0.0
Ireland,IRL,2017,95,92,0,7.85873717272184,0,9730,0,0,82.1560975609756,84,80.4,11.13 ,0.0,1661.56927096266,0,8.13 ,95.0,0.0,95.0
Italy,ITA,2017,95,92,0,5.43785758887894,0,16180,0,0,82.9463414634147,85.2,80.8,7.37 ,0.0,1719.2,0,15.73 ,95.0,0.0,94.0
Latvia,LVA,2017,98,96,0,3.66585517686674,0,1930,0,0,74.6292682926829,79.7,69.8,12.6 ,0.0,1618.5323894824,0,11.46 ,98.0,96.0,98.0
Lithuania,LTU,2017,94,94,0,3.9669029721114,0,3720,0,0,75.4804878048781,80.5,70.7,12.14 ,0.0,1620.89139274549,0,9.91 ,94.0,97.0,94.0
Luxembourg,LUX,2017,99,99,0,15.0921628075447,0,370,0,0,82.0951219512195,84.4,79.9,11.18 ,0.0,1506.16974046237,0,9.84 ,99.0,0.0,94.0
Malta,MLT,2017,98,91,0,3.2478701470014,0,50,0,0,82.3463414634146,84.6,80.2,7.91 ,0.0,0.0,0,12.6 ,98.0,0.0,88.0
Netherlands,NLD,2017,94,93,0,9.09213141299035,0,8400,0,0,81.7609756097561,83.4,80.2,8.31 ,0.0,1364.22783978989,0,11.63 ,94.0,0.0,92.0
North Macedonia,MKD,2017,91,83,0,3.75511807742438,0,580,0,0,75.9536585365854,77.9,74.1,0,0.0,0.0,0,0,0.0,0.0,0.0
Norway,NOR,2017,96,96,0,7.14804433544094,0,3390,0,0,82.609756097561,84.3,81,6 ,0.0,1419.5,0,6.36 ,96.0,0.0,0.0
Poland,POL,2017,96,94,0,8.23861537513202,0,21500,0,0,77.7536585365854,81.8,73.9,10.53 ,0.0,1717.54481668099,0,21.96 ,90.0,92.0,93.0
Portugal,PRT,2017,98,98,0,5.17751927915252,0,3270,0,0,81.4243902439025,84.6,78.4,10.37 ,0.0,1690.19752930912,0,9.04 ,98.0,0.0,98.0
Romania,ROU,2017,82,86,0,3.78840567563889,0,8890,0,0,75.309756097561,79.1,71.7,10.14 ,0.0,0.0,0,15.32 ,82.0,97.0,92.0
Serbia,SRB,2017,95,86,0,6.7427656495243,0,3950,0,0,75.5390243902439,78.1,73.1,7.4 ,0.0,0.0,0,24.95 ,95.0,97.0,93.0
Slovak Republic,SVK,2017,96,96,0,6.17366603061879,0,1950,0,0,77.1658536585366,80.7,73.8,0,0.0,1630.44333081596,0,0,0.0,0.0,0.0
Slovenia,SVN,2017,94,93,0,6.83317938623293,0,810,0,0,81.0292682926829,84,78.2,10.12 ,0.0,1576.0,0,17.08 ,94.0,0.0,0.0
Spain,ESP,2017,95,98,0,5.65425445459575,0,20690,0,0,83.2829268292683,86.1,80.6,10.85 ,0.0,1614.0,0,10.21 ,95.0,0.0,94.0
Sweden,SWE,2017,97,97,0,3.8070342652491,0,5660,0,0,82.409756097561,84.1,80.8,7.04 ,0.0,1466.70910516774,0,5.93 ,97.0,25.0,76.0
Switzerland,CHE,2017,96,95,0,4.57888468817908,0,2440,0,0,83.5512195121951,85.6,81.6,9.16 ,0.0,1559.09025293729,0,9.89 ,96.0,0.0,69.0
Turkiye,TUR,2017,96,96,95,5.0664012114788,0,32870,0,0,77.141,80.293,73.985,0,0.0,0.0,0,0,0.0,0.0,0.0
United Kingdom,GBR,2017,94,92,0,5.55565151375079,0,28370,0,0,81.2560975609756,83.1,79.5,0,0.0,1508.98083943803,0,0,0.0,0.0,0.0
Albania,ALB,2018,99,94,95,1.78273894754715,0,1080,0,7.17,79.184,81.608,77.037,4.44 ,23.0,0.0,0,19.76 ,99.0,99.0,99.0
Austria,AUT,2018,85,94,0,7.13306391934265,0,3830,0,11.96,81.6926829268293,84.1,79.4,11.6 ,26.6,1421.0,0,12.68 ,85.0,0.0,85.0
Belgium,BEL,2018,98,96,0,8.19633858929077,0,4590,0,11.08,81.5951219512195,83.9,79.4,9.22 ,21.6,1445.0,0,12.16 ,98.0,0.0,97.0
Bulgaria,BGR,2018,92,93,0,5.82203361005485,0,4130,0,12.65,74.9634146341464,78.6,71.5,11.53 ,37.0,0.0,0,20.4 ,92.0,96.0,85.0
Croatia,HRV,2018,93,93,0,4.01923466854666,0,1740,0,9.23,78.0707317073171,81.4,74.9,9.63 ,34.9,0.0,0,18.98 ,94.0,98.0,93.0
Cyprus,CYP,2018,99,90,0,5.90729954297613,0,360,0,10.81,81.382,83.058,79.67,9.59 ,22.9,0.0,0,15.38 ,97.0,0.0,97.0
Czechia,CZE,2018,97,96,0,9.49206819894537,0,5140,0,14.45,79.0292682926829,82,76.2,12.73 ,26.7,0.0,0,17.5 ,96.0,0.0,96.0
Denmark,DNK,2018,97,95,0,5.71834355284233,0,4880,0,10.26,80.9536585365854,82.9,79.1,9.32 ,18.1,1362.70325429809,0,10.02 ,97.0,0.0,0.0
Estonia,EST,2018,92,87,0,11.5887036573437,0,1390,0,9.23,78.2439024390244,82.7,74,10.81 ,23.7,1688.10807335661,0,6.7 ,92.0,92.0,93.0
Finland,FIN,2018,91,96,0,8.08263979060102,0,4940,0,10.78,81.7341463414634,84.5,79.1,8.37 ,17.0,1499.39759706372,0,5.57 ,91.0,0.0,0.0
France,FRA,2018,96,90,0,4.5720300891405,0,38120,0,12.33,82.6756097560976,85.8,79.7,11.24 ,31.7,1424.02123613312,0,11.23 ,96.0,0.0,91.0
Germany,DEU,2018,91,97,0,8.53619609072659,0,33120,0,12.91,80.8926829268293,83.3,78.6,10.88 ,20.9,1329.7,0,11.7 ,91.0,0.0,88.0
Greece,GRC,2018,99,97,0,6.05801840018985,0,4330,0,10.18,81.7878048780488,84.4,79.3,6.45 ,31.9,1734.15069827828,0,15.69 ,99.0,0.0,96.0
Hungary,HUN,2018,99,99,0,4.74652935890747,0,5930,0,11.35,76.0658536585366,79.6,72.7,10.79 ,28.0,1681.89780710856,0,17.25 ,99.0,99.0,0.0
Iceland,ISL,2018,91,93,0,4.81967347473986,0,380,0,9.12,82.8609756097561,84.5,81.3,7.72 ,12.6,1507.39107883817,0,5.89 ,91.0,0.0,0.0
Ireland,IRL,2018,94,92,0,7.73732378325387,0,9510,0,12.88,82.2048780487805,84.1,80.4,11.15 ,20.3,1681.22575996972,0,8.31 ,94.0,0.0,94.0
Italy,ITA,2018,95,93,0,5.37687092998968,0,15390,0,7.84,83.3463414634146,85.6,81.2,7.81 ,19.6,1719.4,0,15.97 ,95.0,0.0,95.0
Latvia,LVA,2018,96,98,0,4.04218817909178,0,1860,0,12.77,74.7829268292683,79.7,70.1,13.2 ,23.8,1638.14831221322,0,12.84 ,96.0,95.0,96.0
Lithuania,LTU,2018,92,92,0,4.15842256161348,0,3570,0,13.22,75.6804878048781,80.7,70.9,11.77 ,21.9,1628.02837992883,0,11.12 ,92.0,96.0,93.0
Luxembourg,LUX,2018,99,99,0,15.3302075743469,0,370,0,12.94,82.2951219512195,84.6,80.1,10.98 ,20.3,1506.46571663769,0,9.71 ,99.0,0.0,96.0
Malta,MLT,2018,97,96,0,3.19831614286421,0,50,0,7.99,82.4487804878049,84.6,80.4,7.95 ,22.1,0.0,0,13.79 ,97.0,0.0,98.0
Netherlands,NLD,2018,93,93,0,8.78385000800575,0,7960,0,9.61,81.8121951219512,83.4,80.3,8.33 ,20.8,1363.94065092534,0,11.49 ,93.0,0.0,92.0
North Macedonia,MKD,2018,92,75,0,3.51601021990228,0,560,0,6.16,76.6487804878049,78.8,74.6,0,0.0,0.0,0,0,0.0,0.0,0.0
Norway,NOR,2018,96,96,0,7.07654265477615,0,3360,0,7.41,82.7585365853659,84.5,81.1,6.02 ,17.0,1419.2,0,6.33 ,96.0,0.0,0.0
Poland,POL,2018,95,93,0,8.21361572260802,0,21400,0,11.71,77.6024390243903,81.7,73.7,10.62 ,21.2,1696.86553670826,0,22.51 ,87.0,92.0,91.0
Portugal,PRT,2018,99,99,0,4.81338552923222,0,2950,0,12.03,81.3243902439024,84.5,78.3,10.37 ,19.7,1697.44862690842,0,7.9 ,99.0,0.0,98.0
Romania,ROU,2018,86,90,0,3.86105156993701,0,8950,0,11.74,75.3585365853659,79.2,71.7,10.96 ,20.4,0.0,0,15.6 ,86.0,96.0,93.0
Serbia,SRB,2018,96,92,0,6.60641804520422,0,3480,0,8.75,75.890243902439,78.4,73.5,7.62 ,39.0,0.0,0,25.86 ,96.0,98.0,91.0
Slovak Republic,SVK,2018,96,96,0,6.05863547411852,0,2020,0,11.14,77.2658536585366,80.8,73.9,0,0.0,1620.78522314324,0,0,0.0,0.0,0.0
Slovenia,SVN,2018,93,93,0,6.78433887885504,0,810,0,11.9,81.3780487804878,84.4,78.5,9.99 ,20.0,1559.0,0,17.77 ,93.0,0.0,0.0
Spain,ESP,2018,96,98,0,5.49257147137707,0,20420,0,12.72,83.4317073170732,86.3,80.7,10.39 ,27.0,1618.0,0,10.08 ,96.0,0.0,96.0
Sweden,SWE,2018,97,97,0,3.53899174224082,0,5440,0,8.93,82.5585365853659,84.3,80.9,7.2 ,19.6,1466.18058667684,0,6.09 ,97.0,26.0,92.0
Switzerland,CHE,2018,96,95,0,4.4019909898051,0,2410,0,11.53,83.7536585365854,85.7,81.9,9.17 ,23.0,1551.41571943214,0,10.01 ,96.0,0.0,69.0
Turkiye,TUR,2018,98,96,95,4.97202598135987,0,32690,0,2.05,77.563,80.684,74.417,0,0.0,0.0,0,0,0.0,0.0,0.0
United Kingdom,GBR,2018,94,92,0,5.42774817696291,0,28130,0,11.45,81.2560975609756,83.1,79.5,0,0.0,1510.4689121158,0,0,0.0,0.0,0.0
Albania,ALB,2019,99,95,96,1.69224831964856,0,1100,0,0,79.282,81.666,77.168,4.4 ,23.0,0.0,0,16.28 ,99.0,99.0,99.0
Austria,AUT,2019,85,95,0,7.2939842524557,0,3850,0,0,81.8951219512195,84.2,79.7,11.9 ,25.6,1430.26217450533,0,11.51 ,85.0,0.0,85.0
Belgium,BEL,2019,97,96,0,8.09558395403513,0,4580,0,0,81.9951219512195,84.3,79.8,9.15 ,21.4,1443.0,0,11.26 ,98.0,0.0,97.0
Bulgaria,BGR,2019,93,95,0,5.61085727989368,0,4160,0,0,75.1121951219512,78.8,71.6,11.18 ,37.1,0.0,0,17.29 ,93.0,96.0,93.0
Croatia,HRV,2019,94,93,0,4.06370783264011,0,1720,0,0,78.4243902439025,81.6,75.4,9.64 ,35.6,0.0,0,15.29 ,94.0,98.0,93.0
Cyprus,CYP,2019,96,86,0,5.85106560779507,0,370,0,0,81.397,83.27,79.508,9.59 ,23.2,0.0,0,14.52 ,96.0,0.0,94.0
Czechia,CZE,2019,97,92,0,9.02278615795801,0,5320,0,0,79.2292682926829,82.2,76.4,12.73 ,26.5,0.0,0,14.34 ,97.0,0.0,97.0
Denmark,DNK,2019,97,96,0,5.10798850907958,0,5170,0,0,81.4512195121951,83.5,79.5,9.16 ,17.8,1359.80330331394,0,9.66 ,97.0,0.0,0.0
Estonia,EST,2019,91,88,0,7.67202927819305,0,1400,0,0,78.6463414634147,83,74.5,11.65 ,23.5,1675.58538555173,0,6.35 ,91.0,92.0,91.0
Finland,FIN,2019,91,96,0,7.37285476082008,0,5010,0,0,81.9829268292683,84.8,79.3,8.23 ,16.6,1494.28717968551,0,5.47 ,91.0,0.0,0.0
France,FRA,2019,96,92,0,4.45954746474334,0,38260,0,0,82.8268292682927,85.9,79.9,11.44 ,31.9,1428.33308480163,0,10.46 ,96.0,0.0,91.0
Germany,DEU,2019,91,97,0,7.91162101567715,0,34120,0,0,81.2926829268293,83.7,79,10.56 ,20.4,1328.5,0,10.73 ,91.0,0.0,88.0
Greece,GRC,2019,99,97,0,5.59618906985928,0,4270,0,0,81.6390243902439,84.2,79.2,6.33 ,31.2,1707.39782053852,0,14.62 ,99.0,0.0,96.0
Hungary,HUN,2019,99,99,0,4.74663102989868,0,5700,0,0,76.3195121951219,79.7,73.1,10.79 ,28.0,1681.23282449943,0,14.24 ,99.0,99.0,0.0
Iceland,ISL,2019,92,93,0,4.54844225751086,0,370,0,0,83.1634146341463,84.7,81.7,7.72 ,12.5,1492.69890795632,0,5.79 ,93.0,0.0,0.0
Ireland,IRL,2019,94,91,0,7.24514322077522,0,9250,0,0,82.7024390243903,84.7,80.8,10.91 ,19.7,1683.66902017952,0,8.2 ,94.0,0.0,93.0
Italy,ITA,2019,96,94,0,5.31131544170879,0,15340,0,0,83.4975609756098,85.7,81.4,7.65 ,19.6,1710.2,0,14.22 ,96.0,0.0,95.0
Latvia,LVA,2019,99,99,0,3.95543586167438,0,1940,0,0,75.3878048780488,80.1,70.9,12.9 ,23.8,1606.03264692246,0,12.02 ,99.0,96.0,99.0
Lithuania,LTU,2019,92,93,0,4.19807602212644,0,3650,0,0,76.2829268292683,81.2,71.6,11.93 ,21.8,1630.75328303012,0,10.37 ,92.0,97.0,92.0
Luxembourg,LUX,2019,99,99,0,15.3064265559542,0,380,0,0,82.6390243902439,85.2,80.2,11 ,20.1,1504.61177451917,0,8.89 ,99.0,0.0,96.0
Malta,MLT,2019,98,96,0,3.29324560594014,0,50,0,0,82.8585365853659,84.6,81.2,8.07 ,21.8,0.0,0,12.93 ,98.0,0.0,98.0
Netherlands,NLD,2019,94,94,0,8.43707462722941,0,8120,0,0,82.1121951219512,83.7,80.6,8.23 ,20.3,1369.56903661127,0,10.74 ,94.0,0.0,92.0
North Macedonia,MKD,2019,92,75,0,3.99673721344351,0,540,0,0,76.6024390243903,78.6,74.7,0,0.0,0.0,0,0,0.0,0.0,0.0
Norway,NOR,2019,97,97,0,6.7222699848575,0,3400,0,0,82.9585365853659,84.7,81.3,6.05 ,16.2,1418.6,0,6.3 ,97.0,0.0,96.0
Poland,POL,2019,95,93,0,7.77364183861292,0,21680,0,0,77.9048780487805,81.9,74.1,10.96 ,20.7,1691.84160750055,0,18.83 ,87.0,92.0,91.0
Portugal,PRT,2019,99,99,0,4.33976842606964,0,2980,0,0,81.6756097560976,84.8,78.7,10.37 ,20.0,1698.80342495958,0,7.34 ,99.0,0.0,98.0
Romania,ROU,2019,88,90,0,3.81743447683141,0,8940,0,0,75.6073170731707,79.5,71.9,10.96 ,20.2,0.0,0,13.3 ,88.0,96.0,90.0
Serbia,SRB,2019,97,87,0,6.61604693907974,0,3950,0,0,75.9365853658537,78.6,73.4,7.45 ,39.0,0.0,0,21.74 ,97.0,98.0,94.0
Slovak Republic,SVK,2019,97,96,0,5.69841625532024,0,2020,0,0,77.6658536585366,81.2,74.3,0,0.0,1606.36083168832,0,0,0.0,0.0,0.0
Slovenia,SVN,2019,95,94,0,6.51220937780615,0,810,0,0,81.5292682926829,84.5,78.7,11.05 ,19.8,1557.0,0,14.08 ,95.0,0.0,0.0
Spain,ESP,2019,95,98,0,5.09135092007508,0,20060,0,0,83.8317073170732,86.7,81.1,10.73 ,26.9,1603.0,0,9.34 ,95.0,0.0,95.0
Sweden,SWE,2019,98,97,0,3.4050379189887,0,5640,0,0,83.109756097561,84.8,81.5,7.1 ,19.0,1453.42360181864,0,5.96 ,98.0,25.0,97.0
Switzerland,CHE,2019,96,95,0,4.35904146198319,0,2420,0,0,83.9048780487805,85.8,82.1,9.41 ,23.0,1549.43467859147,0,8.97 ,96.0,0.0,69.0
Turkiye,TUR,2019,99,97,95,4.75361752810222,0,34730,0,0,77.832,80.953,74.68,0,0.0,0.0,0,0,0.0,0.0,0.0
United Kingdom,GBR,2019,93,91,0,5.22051448799294,0,28370,0,0,81.2048780487805,83.1,79.4,0,0.0,1513.03646807871,0,0,0.0,0.0,0.0
Albania,ALB,2020,98,91,96,0,0,0,0,0,76.989,79.676,74.632,0,0.0,0.0,0,0,98.0,98.0,98.0
Austria,AUT,2020,85,95,0,0,0,0,0,0,81.1926829268293,83.6,78.9,0,0.0,1322.36989361291,0,0,85.0,0.0,85.0
Belgium,BEL,2020,97,96,0,0,0,0,0,0,80.7951219512195,83.1,78.6,0,0.0,1353.0,0,0,98.0,0.0,97.0
Bulgaria,BGR,2020,91,88,0,0,0,0,0,0,73.6073170731707,77.5,69.9,0,0.0,0.0,0,0,91.0,97.0,91.0
Croatia,HRV,2020,94,91,0,0,0,0,0,0,77.7243902439024,80.9,74.7,0,0.0,0.0,0,0,94.0,98.0,91.0
Cyprus,CYP,2020,96,86,0,0,0,0,0,0,81.391,83.448,79.345,0,0.0,0.0,0,0,96.0,0.0,94.0
Czechia,CZE,2020,97,94,0,0,0,0,0,0,78.2268292682927,81.3,75.3,0,0.0,0.0,0,0,96.0,0.0,96.0
Denmark,DNK,2020,97,94,0,0,0,0,0,0,81.5512195121951,83.6,79.6,0,0.0,1327.69437014534,0,0,97.0,0.0,0.0
Estonia,EST,2020,91,91,0,0,0,0,0,0,78.3463414634146,82.7,74.2,0,0.0,1623.39465431459,0,0,91.0,91.0,90.0
Finland,FIN,2020,90,95,0,0,0,0,0,0,82.1317073170732,85,79.4,0,0.0,1487.43527321507,0,0,90.0,0.0,0.0
France,FRA,2020,96,92,0,0,0,0,0,0,82.1756097560976,85.3,79.2,0,0.0,1325.96863351574,0,0,96.0,0.0,91.0
Germany,DEU,2020,91,97,0,0,0,0,0,0,80.9414634146342,83.4,78.6,0,0.0,1284.4,0,0,91.0,0.0,88.0
Greece,GRC,2020,99,97,0,0,0,0,0,0,81.0878048780488,83.7,78.6,0,0.0,1540.29065063591,0,0,99.0,0.0,96.0
Hungary,HUN,2020,99,99,0,0,0,0,0,0,75.6170731707317,79.1,72.3,0,0.0,1624.88966025623,0,0,99.0,99.0,0.0
Iceland,ISL,2020,93,93,0,0,0,0,0,0,83.0658536585366,84.5,81.7,0,0.0,1462.00656096227,0,0,93.0,0.0,0.0
Ireland,IRL,2020,94,92,0,0,0,0,0,0,82.2048780487805,84.1,80.4,0,0.0,1600.16108504217,0,0,94.0,0.0,94.0
Italy,ITA,2020,94,92,0,0,0,0,0,0,82.3439024390244,84.7,80.1,0,0.0,1553.6,0,0,94.0,0.0,94.0
Latvia,LVA,2020,99,99,0,0,0,0,0,0,75.3878048780488,80.1,70.9,0,0.0,1560.78695325252,0,0,99.0,99.0,99.0
Lithuania,LTU,2020,91,90,0,0,0,0,0,0,74.9292682926829,80,70.1,0,0.0,1573.46883300437,0,0,91.0,96.0,91.0
Luxembourg,LUX,2020,99,99,0,0,0,0,0,0,81.7414634146342,84.2,79.4,0,0.0,1431.0396837546,0,0,99.0,0.0,96.0
Malta,MLT,2020,98,95,0,0,0,0,0,0,82.6536585365854,84.6,80.8,0,0.0,0.0,0,0,98.0,0.0,98.0
Netherlands,NLD,2020,94,94,0,0,0,0,0,0,81.409756097561,83.1,79.8,0,0.0,1337.95640085935,0,0,94.0,0.0,93.0
North Macedonia,MKD,2020,84,63,0,0,0,0,0,0,75.6931707317073,77.87,73.62,0,0.0,0.0,0,0,0.0,0.0,0.0
Norway,NOR,2020,97,97,0,0,0,0,0,0,83.209756097561,84.9,81.6,0,0.0,1410.7,0,0,97.0,0.0,97.0
Poland,POL,2020,90,80,0,0,0,0,0,0,76.6,80.8,72.6,0,0.0,1685.24906560123,0,0,91.0,91.0,90.0
Portugal,PRT,2020,99,99,0,0,0,0,0,0,80.9756097560976,84.1,78,0,0.0,1574.4852779917,0,0,99.0,0.0,99.0
Romania,ROU,2020,87,87,0,0,0,0,0,0,74.3536585365854,78.4,70.5,0,0.0,0.0,0,0,87.0,97.0,87.0
Serbia,SRB,2020,92,78,0,0,0,0,0,0,74.2292682926829,77.2,71.4,0,0.0,0.0,0,0,92.0,98.0,87.0
Slovak Republic,SVK,2020,97,96,0,0,0,0,0,0,76.8658536585366,80.4,73.5,0,0.0,1500.90702041025,0,0,0.0,0.0,0.0
Slovenia,SVN,2020,95,94,0,0,0,0,0,0,80.5317073170732,83.4,77.8,0,0.0,1474.0,0,0,95.0,0.0,0.0
Spain,ESP,2020,94,96,0,0,0,0,0,0,82.3341463414634,85.1,79.7,0,0.0,1516.0,0,0,94.0,0.0,94.0
Sweden,SWE,2020,97,97,0,0,0,0,0,0,82.4073170731707,84.2,80.7,0,0.0,1426.15544289783,0,0,97.0,26.0,97.0
Switzerland,CHE,2020,96,97,0,0,0,0,0,0,83.1,85.2,81.1,0,0.0,1498.49979109325,0,0,96.0,0.0,72.0
Turkiye,TUR,2020,98,95,95,0,0,0,0,0,75.85,79.061,72.772,0,0.0,0.0,0,0,0.0,0.0,0.0
United Kingdom,GBR,2020,93,91,0,0,0,0,0,0,80.9024390243903,82.9,79,0,0.0,1364.63930304438,0,0,0.0,0.0,0.0
